
----insert tabla Maquinista
INSERT INTO grupo03.Maquinista (Id_Maquinista, Nombre_Maquinista, Apellido_Maquinista) VALUES (1, 'Rogger', 'Diaz Rodriguez');
INSERT INTO grupo03.Maquinista (Id_Maquinista, Nombre_Maquinista, Apellido_Maquinista) VALUES (2, 'Julio', 'Clavijo Fernandes');
INSERT INTO grupo03.Maquinista (Id_Maquinista, Nombre_Maquinista, Apellido_Maquinista) VALUES (3, 'Vilmer', 'Valladares Soto');
INSERT INTO grupo03.Maquinista (Id_Maquinista, Nombre_Maquinista, Apellido_Maquinista) VALUES (4, 'Jose', 'Arevalo Curita');
INSERT INTO grupo03.Maquinista (Id_Maquinista, Nombre_Maquinista, Apellido_Maquinista) VALUES (5, 'Percy', 'Amasifuen Santis');
INSERT INTO grupo03.Maquinista (Id_Maquinista, Nombre_Maquinista, Apellido_Maquinista) VALUES (6, 'Jaime', 'Alarcon Perez');
INSERT INTO grupo03.Maquinista (Id_Maquinista, Nombre_Maquinista, Apellido_Maquinista) VALUES (7, 'Rodolfo', 'Ramirez Huaman');
INSERT INTO grupo03.Maquinista (Id_Maquinista, Nombre_Maquinista, Apellido_Maquinista) VALUES (8, 'Juan', 'Serrano Tineo');
INSERT INTO grupo03.Maquinista (Id_Maquinista, Nombre_Maquinista, Apellido_Maquinista) VALUES (9, 'Israel', 'Medina Hinostrosa');
INSERT INTO grupo03.Maquinista (Id_Maquinista, Nombre_Maquinista, Apellido_Maquinista) VALUES (10, 'Ramon', 'Posadas Montes');
INSERT INTO grupo03.Maquinista (Id_Maquinista, Nombre_Maquinista, Apellido_Maquinista) VALUES (11, 'Carlos', 'Yovera Rojas');
INSERT INTO grupo03.Maquinista (Id_Maquinista, Nombre_Maquinista, Apellido_Maquinista) VALUES (12, 'Jose', 'Rivas Colacci');
INSERT INTO grupo03.Maquinista (Id_Maquinista, Nombre_Maquinista, Apellido_Maquinista) VALUES (13, 'Jhoel', 'Segura Villarreal');
INSERT INTO grupo03.Maquinista (Id_Maquinista, Nombre_Maquinista, Apellido_Maquinista) VALUES (14, 'Luis', 'Aguedo Quispe');
INSERT INTO grupo03.Maquinista (Id_Maquinista, Nombre_Maquinista, Apellido_Maquinista) VALUES (15, 'Jose', 'Gabino Avila');
INSERT INTO grupo03.Maquinista (Id_Maquinista, Nombre_Maquinista, Apellido_Maquinista) VALUES (16, 'Jhonny', 'Melendrez Santos');

----insert tabla Maquina
INSERT INTO grupo03.Maquina (Id_Maquina, Maquina, Velocidad, Cant_Cortes, Id_Maquinista) VALUES ('1','Doble 1', 30, 2, 3);
INSERT INTO grupo03.Maquina (Id_Maquina, Maquina, Velocidad, Cant_Cortes, Id_Maquinista) VALUES ('2','Doble 2', 60, 2, 5);
INSERT INTO grupo03.Maquina (Id_Maquina, Maquina, Velocidad, Cant_Cortes, Id_Maquinista) VALUES ('3','Refresco', 45, 3, 1);
INSERT INTO grupo03.Maquina (Id_Maquina, Maquina, Velocidad, Cant_Cortes, Id_Maquinista) VALUES ('4','Fustec 1', 25, 1, 9);
INSERT INTO grupo03.Maquina (Id_Maquina, Maquina, Velocidad, Cant_Cortes, Id_Maquinista) VALUES ('5','Fustec 2', 25, 1, 10);
INSERT INTO grupo03.Maquina (Id_Maquina, Maquina, Velocidad, Cant_Cortes, Id_Maquinista) VALUES ('6','Granel', 30, 1, 2);
INSERT INTO grupo03.Maquina (Id_Maquina, Maquina, Velocidad, Cant_Cortes, Id_Maquinista) VALUES ('7','Simple', 15, 1, 15);
INSERT INTO grupo03.Maquina (Id_Maquina, Maquina, Velocidad, Cant_Cortes, Id_Maquinista) VALUES ('8','Mezcladora 1', 10, 0, 7);
INSERT INTO grupo03.Maquina (Id_Maquina, Maquina, Velocidad, Cant_Cortes, Id_Maquinista) VALUES ('9','Mezcladora 2', 10, 0, 11);
INSERT INTO grupo03.Maquina (Id_Maquina, Maquina, Velocidad, Cant_Cortes, Id_Maquinista) VALUES ('10','Mezcladora 3', 10, 0, 4);
INSERT INTO grupo03.Maquina (Id_Maquina, Maquina, Velocidad, Cant_Cortes, Id_Maquinista) VALUES ('11','Mezcladora 4', 10, 0, 8);
INSERT INTO grupo03.Maquina (Id_Maquina, Maquina, Velocidad, Cant_Cortes, Id_Maquinista) VALUES ('12','Estuchadora', 20, 0, 12);
INSERT INTO grupo03.Maquina (Id_Maquina, Maquina, Velocidad, Cant_Cortes, Id_Maquinista) VALUES ('13','Empacadora', 20, 0, 6);

----insert tabla Tecnico
INSERT INTO grupo03.Tecnico (Id_Tecnico, Nombre, Apellido, Contraseña, Cargo) VALUES ('1','Jose', 'Santos Solorzano', 'J0s3$', 'Ing. Mantenimiento');
INSERT INTO grupo03.Tecnico (Id_Tecnico, Nombre, Apellido, Contraseña, Cargo) VALUES ('2','Enrique', 'Salazar Vega', '3nr1qu3$', 'Supervisor');
INSERT INTO grupo03.Tecnico (Id_Tecnico, Nombre, Apellido, Contraseña, Cargo) VALUES ('3','Manual', 'Eyzaguirre Terrones', 'M4nu3l$', 'Tecnico');

----insert tabla Turno
INSERT INTO grupo03.Turno (Id_turno, Turno) VALUES ('1','Dia');
INSERT INTO grupo03.Turno (Id_turno, Turno) VALUES ('2','Noche');

----insert tabla Repuestos
INSERT INTO grupo03.Repuestos (Id_Repuesto, Nombre, Precio) VALUES ('1', 'Cepillos de Limpieza', 3.50);
INSERT INTO grupo03.Repuestos (Id_Repuesto, Nombre, Precio) VALUES ('2', 'Selladores', 2.50);
INSERT INTO grupo03.Repuestos (Id_Repuesto, Nombre, Precio) VALUES ('3', 'Selladores Herméticos', 4.75);
INSERT INTO grupo03.Repuestos (Id_Repuesto, Nombre, Precio) VALUES ('4', 'Conectores de cables', 3.00);
INSERT INTO grupo03.Repuestos (Id_Repuesto, Nombre, Precio) VALUES ('5', 'Abrazaderas y guías para cable', 10.50);
INSERT INTO grupo03.Repuestos (Id_Repuesto, Nombre, Precio) VALUES ('6', 'Tinta resistente a solventes', 7.00);
INSERT INTO grupo03.Repuestos (Id_Repuesto, Nombre, Precio) VALUES ('7', 'Kit de limpieza', 15.00);
INSERT INTO grupo03.Repuestos (Id_Repuesto, Nombre, Precio) VALUES ('8', 'Detergentes', 12.00);
INSERT INTO grupo03.Repuestos (Id_Repuesto, Nombre, Precio) VALUES ('9', 'Limpiadores de pH', 12.00);
INSERT INTO grupo03.Repuestos (Id_Repuesto, Nombre, Precio) VALUES ('10', 'Solventes suaves', 11.25);
INSERT INTO grupo03.Repuestos (Id_Repuesto, Nombre, Precio) VALUES ('11', 'Conmutador', 24.00);
INSERT INTO grupo03.Repuestos (Id_Repuesto, Nombre, Precio) VALUES ('12', 'Rodamientos', 35.00);
INSERT INTO grupo03.Repuestos (Id_Repuesto, Nombre, Precio) VALUES ('13', 'resistencia', 12.00);
INSERT INTO grupo03.Repuestos (Id_Repuesto, Nombre, Precio) VALUES ('14', 'resinas aislantes', 27.00);
INSERT INTO grupo03.Repuestos (Id_Repuesto, Nombre, Precio) VALUES ('15', 'Aislamiento térmico', 23.00);
INSERT INTO grupo03.Repuestos (Id_Repuesto, Nombre, Precio) VALUES ('16', 'Tarjeta JL 1010 (CONMUTADORA)', 38.00);
INSERT INTO grupo03.Repuestos (Id_Repuesto, Nombre, Precio) VALUES ('17', 'SENSOR OPTOCAPTOR CON CBLE P/ENCODER', 175.25);
INSERT INTO grupo03.Repuestos (Id_Repuesto, Nombre, Precio) VALUES ('18', 'FUENTE DE ALIMENTACION', 365.00);
INSERT INTO grupo03.Repuestos (Id_Repuesto, Nombre, Precio) VALUES ('19', 'transformadores', 32.00);
INSERT INTO grupo03.Repuestos (Id_Repuesto, Nombre, Precio) VALUES ('20', 'RESISTENCIA CUADRADA', 12.00);
INSERT INTO grupo03.Repuestos (Id_Repuesto, Nombre, Precio) VALUES ('21', 'VARIADOR DE VELOCIDAD 1HP 220 VAC TEK DRIVE', 98.42);
INSERT INTO grupo03.Repuestos (Id_Repuesto, Nombre, Precio) VALUES ('22', 'FUENTE DE ALIMENTACION', 147.36);
INSERT INTO grupo03.Repuestos (Id_Repuesto, Nombre, Precio) VALUES ('23', 'UNION TEE 6MM', 203.36);
INSERT INTO grupo03.Repuestos (Id_Repuesto, Nombre, Precio) VALUES ('24', 'CIL COMPACTO C16', 48.00);
INSERT INTO grupo03.Repuestos (Id_Repuesto, Nombre, Precio) VALUES ('25', 'PERNO SIN FIN DOSIFICADOR #1', 15.36);
INSERT INTO grupo03.Repuestos (Id_Repuesto, Nombre, Precio) VALUES ('26', 'CONECTOR RECTO 1/8 X 4', 74.38);
INSERT INTO grupo03.Repuestos (Id_Repuesto, Nombre, Precio) VALUES ('27', 'CUPLA ENCODER', 15.25);
INSERT INTO grupo03.Repuestos (Id_Repuesto, Nombre, Precio) VALUES ('28', 'POLEAS', 23.89);
INSERT INTO grupo03.Repuestos (Id_Repuesto, Nombre, Precio) VALUES ('29', 'FAJAS CON LINATEX DENTADAS', 47.50);
INSERT INTO grupo03.Repuestos (Id_Repuesto, Nombre, Precio) VALUES ('30', 'ARANDELAS DE PRESION', 42.69);
INSERT INTO grupo03.Repuestos (Id_Repuesto, Nombre, Precio) VALUES ('31', 'RUEDAS DE TRACCIÓN COMPLETA', 76.38);
INSERT INTO grupo03.Repuestos (Id_Repuesto, Nombre, Precio) VALUES ('32', 'GOMAS DE RUEDA DE TRACCIÓN', 33.14);
INSERT INTO grupo03.Repuestos (Id_Repuesto, Nombre, Precio) VALUES ('33', 'SENSOR CONTROL DE TEMPERATURA', 152.30);
INSERT INTO grupo03.Repuestos (Id_Repuesto, Nombre, Precio) VALUES ('34', 'PLACA ELECTRONICA', 32.00);
INSERT INTO grupo03.Repuestos (Id_Repuesto, Nombre, Precio) VALUES ('35', 'LUBRICANTE', 12.00);
INSERT INTO grupo03.Repuestos (Id_Repuesto, Nombre, Precio) VALUES ('36', 'SCANNER DE CONTROL TERMICO', 189.55);
INSERT INTO grupo03.Repuestos (Id_Repuesto, Nombre, Precio) VALUES ('37', 'CUPLA INFRAROJA 5VCC CON SEÑALENCODER Y RESET', 16.75);
INSERT INTO grupo03.Repuestos (Id_Repuesto, Nombre, Precio) VALUES ('38', 'PISTONES 4030045', 23.35);
INSERT INTO grupo03.Repuestos (Id_Repuesto, Nombre, Precio) VALUES ('39', 'UNIDAD DE MANTENIMIENTO G1/4'' (0103003532)', 55.50);
INSERT INTO grupo03.Repuestos (Id_Repuesto, Nombre, Precio) VALUES ('40', 'CONECTOR RECTO 1/4'' 6 MM', 14.75);
INSERT INTO grupo03.Repuestos (Id_Repuesto, Nombre, Precio) VALUES ('41', 'FILTRO REGULADOR QBM4 G1/2'' (0101003532)', 23.36);
INSERT INTO grupo03.Repuestos (Id_Repuesto, Nombre, Precio) VALUES ('42', 'CONECTOR Y 5'' 4 MM', 45.00);
INSERT INTO grupo03.Repuestos (Id_Repuesto, Nombre, Precio) VALUES ('43', 'CILINDRO COMPACTO C16 32MMX15MM', 75.00);
INSERT INTO grupo03.Repuestos (Id_Repuesto, Nombre, Precio) VALUES ('44', 'SELLOS GT87 0159328', 36.00);
INSERT INTO grupo03.Repuestos (Id_Repuesto, Nombre, Precio) VALUES ('45', 'VARIADOR DE VELOCIDAD 170 VAC', 25.00);
INSERT INTO grupo03.Repuestos (Id_Repuesto, Nombre, Precio) VALUES ('46', 'ELECTROVALVULA FRENO 0.210.005.211 MICRO', 74.00);
INSERT INTO grupo03.Repuestos (Id_Repuesto, Nombre, Precio) VALUES ('47', 'AISLAMIENTO', 32.00);
INSERT INTO grupo03.Repuestos (Id_Repuesto, Nombre, Precio) VALUES ('48', 'BATERIA 6-GFM-85 12V', 140.00);
INSERT INTO grupo03.Repuestos (Id_Repuesto, Nombre, Precio) VALUES ('49', 'FILTRO DE LINEA 250 VCA', 25.80);

----insert tabla Seccion
INSERT INTO grupo03.Seccion (Id_Seccion, Seccion) VALUES ('1','Mantenimiento');
INSERT INTO grupo03.Seccion (Id_Seccion, Seccion) VALUES ('2','Sistema Electrico');
INSERT INTO grupo03.Seccion (Id_Seccion, Seccion) VALUES ('3','Sistema Mecanico');
INSERT INTO grupo03.Seccion (Id_Seccion, Seccion) VALUES ('4','Sistema Neumatico');
INSERT INTO grupo03.Seccion (Id_Seccion, Seccion) VALUES ('5','Factores Externos');


----insert tabla Categoria
INSERT INTO grupo03.Categoria (Id_Categoria, Categoria, Id_Seccion) VALUES ('1','Limpieza de Maquina', 1);
INSERT INTO grupo03.Categoria (Id_Categoria, Categoria, Id_Seccion) VALUES ('2','Limpieza de Tablero', 1);
INSERT INTO grupo03.Categoria (Id_Categoria, Categoria, Id_Seccion) VALUES ('3','Limpieza de Faja', 1);
INSERT INTO grupo03.Categoria (Id_Categoria, Categoria, Id_Seccion) VALUES ('4','Falla de Motor Electrico', 2);
INSERT INTO grupo03.Categoria (Id_Categoria, Categoria, Id_Seccion) VALUES ('5','Falla Sensor de Movimiento', 2);
INSERT INTO grupo03.Categoria (Id_Categoria, Categoria, Id_Seccion) VALUES ('6','Falla Equipo Electricos', 2);
INSERT INTO grupo03.Categoria (Id_Categoria, Categoria, Id_Seccion) VALUES ('7','Falla Equipo Electronicos', 2);
INSERT INTO grupo03.Categoria (Id_Categoria, Categoria, Id_Seccion) VALUES ('8','Falla de Variador de Frecuencia', 2);
INSERT INTO grupo03.Categoria (Id_Categoria, Categoria, Id_Seccion) VALUES ('9','Rotura Resanado pieza mecanicas', 3);
INSERT INTO grupo03.Categoria (Id_Categoria, Categoria, Id_Seccion) VALUES ('10','Desgaste de Mordazas', 3);
INSERT INTO grupo03.Categoria (Id_Categoria, Categoria, Id_Seccion) VALUES ('11','Desgaste de Fajas Dentadas', 3);
INSERT INTO grupo03.Categoria (Id_Categoria, Categoria, Id_Seccion) VALUES ('12','Desgaste Fajas de Traccion', 3);
INSERT INTO grupo03.Categoria (Id_Categoria, Categoria, Id_Seccion) VALUES ('13','Desgaste de Rueda de Traccion', 3);
INSERT INTO grupo03.Categoria (Id_Categoria, Categoria, Id_Seccion) VALUES ('14','Desincronizacion de Maquina', 3);
INSERT INTO grupo03.Categoria (Id_Categoria, Categoria, Id_Seccion) VALUES ('15','Desgaste de Cadena Principal', 3);
INSERT INTO grupo03.Categoria (Id_Categoria, Categoria, Id_Seccion) VALUES ('16','Desgaste de Empacadura', 3);
INSERT INTO grupo03.Categoria (Id_Categoria, Categoria, Id_Seccion) VALUES ('17','Desgaste de Tapa', 3);
INSERT INTO grupo03.Categoria (Id_Categoria, Categoria, Id_Seccion) VALUES ('18','Curvamiento de Eje', 3);
INSERT INTO grupo03.Categoria (Id_Categoria, Categoria, Id_Seccion) VALUES ('19','Rotura Manguera Neumatica', 4);
INSERT INTO grupo03.Categoria (Id_Categoria, Categoria, Id_Seccion) VALUES ('20','Desgaste Cilindro Compacto', 4);
INSERT INTO grupo03.Categoria (Id_Categoria, Categoria, Id_Seccion) VALUES ('21','Desgaste Electrovalvula', 4);
INSERT INTO grupo03.Categoria (Id_Categoria, Categoria, Id_Seccion) VALUES ('22','Apilador Electrico', 5);
INSERT INTO grupo03.Categoria (Id_Categoria, Categoria, Id_Seccion) VALUES ('23','Extractor de Polvo', 5);


----insert tabla Estado
INSERT INTO grupo03.Estado (Id_Estado, Estado) VALUES
(1, 'En espera'),
(2, 'Observado'),
(3, 'Culminado');


----insert tabla Incidencia
INSERT INTO grupo03.Incidencia (Fecha_Hora_Registro, Id_Maquina, Fecha_Hora_Inicial_Parada, Fecha_Hora_Final_Parada, Id_Tecnico, Id_Estado) VALUES ('2022-01-05 19:35:00','1', '2022-01-05 19:10:00','2022-01-05 20:20:00.000','2', '3');
INSERT INTO grupo03.Incidencia (Fecha_Hora_Registro, Id_Maquina, Fecha_Hora_Inicial_Parada, Fecha_Hora_Final_Parada, Id_Tecnico, Id_Estado) VALUES ('2022-02-02 00:15:00','9', '2022-02-02 00:05:00','2022-02-02 01:25:00.000','3', '2');
INSERT INTO grupo03.Incidencia (Fecha_Hora_Registro, Id_Maquina, Fecha_Hora_Inicial_Parada, Fecha_Hora_Final_Parada, Id_Tecnico, Id_Estado) VALUES ('2022-02-02 10:06:00','6', '2022-02-02 09:56:00','2022-02-02 12:05:00.000','2', '3');
INSERT INTO grupo03.Incidencia (Fecha_Hora_Registro, Id_Maquina, Fecha_Hora_Inicial_Parada, Fecha_Hora_Final_Parada, Id_Tecnico, Id_Estado) VALUES ('2022-04-04 08:58:00','13', '2022-04-04 08:38:00','2022-04-04 09:45:00.000','2', '2');
INSERT INTO grupo03.Incidencia (Fecha_Hora_Registro, Id_Maquina, Fecha_Hora_Inicial_Parada, Fecha_Hora_Final_Parada, Id_Tecnico, Id_Estado) VALUES ('2022-04-04 00:58:00','2', '2022-04-04 00:48:00','2022-04-04 02:16:00.000','1', '2');
INSERT INTO grupo03.Incidencia (Fecha_Hora_Registro, Id_Maquina, Fecha_Hora_Inicial_Parada, Fecha_Hora_Final_Parada, Id_Tecnico, Id_Estado) VALUES ('2022-04-08 15:20:00','7', '2022-04-08 15:07:00','2022-04-08 16:20:00.000','2', '2');
INSERT INTO grupo03.Incidencia (Fecha_Hora_Registro, Id_Maquina, Fecha_Hora_Inicial_Parada, Fecha_Hora_Final_Parada, Id_Tecnico, Id_Estado) VALUES ('2022-05-05 15:58:00','4', '2022-05-05 15:38:00','2022-05-05 17:10:00.000','3', '3');
INSERT INTO grupo03.Incidencia (Fecha_Hora_Registro, Id_Maquina, Fecha_Hora_Inicial_Parada, Fecha_Hora_Final_Parada, Id_Tecnico, Id_Estado) VALUES ('2022-05-05 07:58:00','9', '2022-05-05 07:38:00','2022-05-05 08:54:00.000','3', '3');
INSERT INTO grupo03.Incidencia (Fecha_Hora_Registro, Id_Maquina, Fecha_Hora_Inicial_Parada, Fecha_Hora_Final_Parada, Id_Tecnico, Id_Estado) VALUES ('2022-05-05 09:30:00','3', '2022-05-05 09:15:00','2022-05-05 10:41:00.000','1', '3');
INSERT INTO grupo03.Incidencia (Fecha_Hora_Registro, Id_Maquina, Fecha_Hora_Inicial_Parada, Fecha_Hora_Final_Parada, Id_Tecnico, Id_Estado) VALUES ('2022-05-05 10:26:00','8', '2022-05-05 10:13:00','2022-05-05 11:14:00.000','3', '2');
INSERT INTO grupo03.Incidencia (Fecha_Hora_Registro, Id_Maquina, Fecha_Hora_Inicial_Parada, Fecha_Hora_Final_Parada, Id_Tecnico, Id_Estado) VALUES ('2022-06-06 17:58:00','3', '2022-06-06 17:42:00','2022-06-06 18:39:00.000','2', '2');
INSERT INTO grupo03.Incidencia (Fecha_Hora_Registro, Id_Maquina, Fecha_Hora_Inicial_Parada, Fecha_Hora_Final_Parada, Id_Tecnico, Id_Estado) VALUES ('2022-06-06 19:58:00','6', '2022-06-06 19:34:00','2022-06-06 21:07:00.000','1', '3');
INSERT INTO grupo03.Incidencia (Fecha_Hora_Registro, Id_Maquina, Fecha_Hora_Inicial_Parada, Fecha_Hora_Final_Parada, Id_Tecnico, Id_Estado) VALUES ('2022-06-06 10:18:00','2', '2022-06-06 09:40:00','2022-06-06 11:14:00.000','3', '2');
INSERT INTO grupo03.Incidencia (Fecha_Hora_Registro, Id_Maquina, Fecha_Hora_Inicial_Parada, Fecha_Hora_Final_Parada, Id_Tecnico, Id_Estado) VALUES ('2022-06-08 20:58:00','6', '2022-06-08 20:38:00','2022-06-08 22:09:00.000','2', '2');
INSERT INTO grupo03.Incidencia (Fecha_Hora_Registro, Id_Maquina, Fecha_Hora_Inicial_Parada, Fecha_Hora_Final_Parada, Id_Tecnico, Id_Estado) VALUES ('2022-06-08 11:08:00','9', '2022-06-08 10:48:00','2022-06-08 12:14:00.000','2', '2');
INSERT INTO grupo03.Incidencia (Fecha_Hora_Registro, Id_Maquina, Fecha_Hora_Inicial_Parada, Fecha_Hora_Final_Parada, Id_Tecnico, Id_Estado) VALUES ('2022-06-08 19:13:00','3', '2022-06-08 19:00:00','2022-06-08 19:52:00.000','2', '3');
INSERT INTO grupo03.Incidencia (Fecha_Hora_Registro, Id_Maquina, Fecha_Hora_Inicial_Parada, Fecha_Hora_Final_Parada, Id_Tecnico, Id_Estado) VALUES ('2022-06-09 17:10:00','2', '2022-06-09 16:57:00','2022-06-09 17:58:00.000','3', '2');
INSERT INTO grupo03.Incidencia (Fecha_Hora_Registro, Id_Maquina, Fecha_Hora_Inicial_Parada, Fecha_Hora_Final_Parada, Id_Tecnico, Id_Estado) VALUES ('2022-06-09 17:58:00','6', '2022-06-09 17:33:00','2022-06-09 18:51:00.000','3', '2');
INSERT INTO grupo03.Incidencia (Fecha_Hora_Registro, Id_Maquina, Fecha_Hora_Inicial_Parada, Fecha_Hora_Final_Parada, Id_Tecnico, Id_Estado) VALUES ('2022-06-12 20:13:00','4', '2022-06-12 19:55:00','2022-06-12 20:55:00.000','3', '3');
INSERT INTO grupo03.Incidencia (Fecha_Hora_Registro, Id_Maquina, Fecha_Hora_Inicial_Parada, Fecha_Hora_Final_Parada, Id_Tecnico, Id_Estado) VALUES ('2022-06-12 09:10:00','3', '2022-06-12 08:56:00','2022-06-12 10:07:00.000','2', '3');
INSERT INTO grupo03.Incidencia (Fecha_Hora_Registro, Id_Maquina, Fecha_Hora_Inicial_Parada, Fecha_Hora_Final_Parada, Id_Tecnico, Id_Estado) VALUES ('2022-07-11 20:10:00','5', '2022-07-11 19:50:00','2022-07-11 21:07:00.000','1', '3');
INSERT INTO grupo03.Incidencia (Fecha_Hora_Registro, Id_Maquina, Fecha_Hora_Inicial_Parada, Fecha_Hora_Final_Parada, Id_Tecnico, Id_Estado) VALUES ('2022-09-03 19:13:00','13', '2022-09-03 18:53:00','2022-09-03 20:58:00.000','2', '3');
INSERT INTO grupo03.Incidencia (Fecha_Hora_Registro, Id_Maquina, Fecha_Hora_Inicial_Parada, Fecha_Hora_Final_Parada, Id_Tecnico, Id_Estado) VALUES ('2022-10-12 11:13:00','12', '2022-10-12 10:49:00','2022-10-12 12:30:00.000','1', '3');
INSERT INTO grupo03.Incidencia (Fecha_Hora_Registro, Id_Maquina, Fecha_Hora_Inicial_Parada, Fecha_Hora_Final_Parada, Id_Tecnico, Id_Estado) VALUES ('2022-10-12 09:30:00','9', '2022-10-12 09:11:00','2022-10-12 10:42:00.000','2', '2');
INSERT INTO grupo03.Incidencia (Fecha_Hora_Registro, Id_Maquina, Fecha_Hora_Inicial_Parada, Fecha_Hora_Final_Parada, Id_Tecnico, Id_Estado) VALUES ('2022-11-08 20:58:00','1', '2022-11-08 20:29:00','2022-11-08 22:11:00.000','1', '2');
INSERT INTO grupo03.Incidencia (Fecha_Hora_Registro, Id_Maquina, Fecha_Hora_Inicial_Parada, Fecha_Hora_Final_Parada, Id_Tecnico, Id_Estado) VALUES ('2022-11-10 09:18:00','4', '2022-11-10 09:01:00','2022-11-10 10:22:00.000','3', '2');
INSERT INTO grupo03.Incidencia (Fecha_Hora_Registro, Id_Maquina, Fecha_Hora_Inicial_Parada, Fecha_Hora_Final_Parada, Id_Tecnico, Id_Estado) VALUES ('2022-11-10 18:18:00','2', '2022-11-10 17:49:00','2022-11-10 19:03:00.000','2', '2');
INSERT INTO grupo03.Incidencia (Fecha_Hora_Registro, Id_Maquina, Fecha_Hora_Inicial_Parada, Fecha_Hora_Final_Parada, Id_Tecnico, Id_Estado) VALUES ('2022-12-06 09:58:00','9', '2022-12-06 09:37:00','2022-12-06 10:53:00.000','1', '3');
INSERT INTO grupo03.Incidencia (Fecha_Hora_Registro, Id_Maquina, Fecha_Hora_Inicial_Parada, Fecha_Hora_Final_Parada, Id_Tecnico, Id_Estado) VALUES ('2022-12-08 11:10:00','2', '2022-12-08 10:59:00','2022-12-08 12:13:00.000','1', '2');
INSERT INTO grupo03.Incidencia (Fecha_Hora_Registro, Id_Maquina, Fecha_Hora_Inicial_Parada, Fecha_Hora_Final_Parada, Id_Tecnico, Id_Estado) VALUES ('2023-01-01 10:13:00','1', '2023-01-01 09:47:00','2023-01-01 11:08:00.000','3', '3');
INSERT INTO grupo03.Incidencia (Fecha_Hora_Registro, Id_Maquina, Fecha_Hora_Inicial_Parada, Fecha_Hora_Final_Parada, Id_Tecnico, Id_Estado) VALUES ('2023-01-01 09:38:00','13', '2023-01-01 09:14:00','2023-01-01 10:24:00.000','2', '3');
INSERT INTO grupo03.Incidencia (Fecha_Hora_Registro, Id_Maquina, Fecha_Hora_Inicial_Parada, Fecha_Hora_Final_Parada, Id_Tecnico, Id_Estado) VALUES ('2023-01-01 09:48:00','10', '2023-01-01 09:16:00','2023-01-01 10:36:00.000','2', '2');
INSERT INTO grupo03.Incidencia (Fecha_Hora_Registro, Id_Maquina, Fecha_Hora_Inicial_Parada, Fecha_Hora_Final_Parada, Id_Tecnico, Id_Estado) VALUES ('2023-01-02 09:58:00','6', '2023-01-02 09:33:00','2023-01-02 11:12:00.000','3', '3');
INSERT INTO grupo03.Incidencia (Fecha_Hora_Registro, Id_Maquina, Fecha_Hora_Inicial_Parada, Fecha_Hora_Final_Parada, Id_Tecnico, Id_Estado) VALUES ('2023-01-07 18:58:00','8', '2023-01-07 18:47:00','2023-01-07 20:17:00.000','1', '2');
INSERT INTO grupo03.Incidencia (Fecha_Hora_Registro, Id_Maquina, Fecha_Hora_Inicial_Parada, Fecha_Hora_Final_Parada, Id_Tecnico, Id_Estado) VALUES ('2023-02-03 09:28:00','11', '2023-02-03 09:11:00','2023-02-03 10:47:00.000','2', '3');
INSERT INTO grupo03.Incidencia (Fecha_Hora_Registro, Id_Maquina, Fecha_Hora_Inicial_Parada, Fecha_Hora_Final_Parada, Id_Tecnico, Id_Estado) VALUES ('2023-03-03 09:43:00','9', '2023-03-03 09:29:00','2023-03-03 10:34:00.000','2', '3');
INSERT INTO grupo03.Incidencia (Fecha_Hora_Registro, Id_Maquina, Fecha_Hora_Inicial_Parada, Fecha_Hora_Final_Parada, Id_Tecnico, Id_Estado) VALUES ('2023-03-03 11:13:00','7', '2023-03-03 11:04:00','2023-03-03 12:09:00.000','2', '2');
INSERT INTO grupo03.Incidencia (Fecha_Hora_Registro, Id_Maquina, Fecha_Hora_Inicial_Parada, Fecha_Hora_Final_Parada, Id_Tecnico, Id_Estado) VALUES ('2023-04-01 10:12:00','5', '2023-04-01 09:57:00','2023-04-01 11:06:00.000','2', '3');
INSERT INTO grupo03.Incidencia (Fecha_Hora_Registro, Id_Maquina, Fecha_Hora_Inicial_Parada, Fecha_Hora_Final_Parada, Id_Tecnico, Id_Estado) VALUES ('2023-04-09 05:58:00','7', '2023-04-09 05:41:00','2023-04-09 06:55:00.000','1', '2');
INSERT INTO grupo03.Incidencia (Fecha_Hora_Registro, Id_Maquina, Fecha_Hora_Inicial_Parada, Fecha_Hora_Final_Parada, Id_Tecnico, Id_Estado) VALUES ('2023-04-09 07:18:00','7', '2023-04-09 07:01:00','2023-04-09 08:24:00.000','3', '3');
INSERT INTO grupo03.Incidencia (Fecha_Hora_Registro, Id_Maquina, Fecha_Hora_Inicial_Parada, Fecha_Hora_Final_Parada, Id_Tecnico, Id_Estado) VALUES ('2023-04-10 07:58:00','2', '2023-04-10 07:42:00','2023-04-10 08:49:00.000','1', '2');
INSERT INTO grupo03.Incidencia (Fecha_Hora_Registro, Id_Maquina, Fecha_Hora_Inicial_Parada, Fecha_Hora_Final_Parada, Id_Tecnico, Id_Estado) VALUES ('2023-04-12 12:09:00','1', '2023-04-12 11:47:00','2023-04-12 13:00:00.000','1', '2');
INSERT INTO grupo03.Incidencia (Fecha_Hora_Registro, Id_Maquina, Fecha_Hora_Inicial_Parada, Fecha_Hora_Final_Parada, Id_Tecnico, Id_Estado) VALUES ('2023-05-02 01:20:00','10', '2023-05-02 01:01:00','2023-05-02 02:13:00.000','1', '3');
INSERT INTO grupo03.Incidencia (Fecha_Hora_Registro, Id_Maquina, Fecha_Hora_Inicial_Parada, Fecha_Hora_Final_Parada, Id_Tecnico, Id_Estado) VALUES ('2023-05-02 13:14:00','2', '2023-05-02 13:00:00','2023-05-02 14:08:00.000','3', '2');
INSERT INTO grupo03.Incidencia (Fecha_Hora_Registro, Id_Maquina, Fecha_Hora_Inicial_Parada, Fecha_Hora_Final_Parada, Id_Tecnico, Id_Estado) VALUES ('2023-05-04 22:07:00','11', '2023-05-04 21:51:00','2023-05-04 23:11:00.000','1', '3');
INSERT INTO grupo03.Incidencia (Fecha_Hora_Registro, Id_Maquina, Fecha_Hora_Inicial_Parada, Fecha_Hora_Final_Parada, Id_Tecnico, Id_Estado) VALUES ('2023-05-06 13:36:00','3', '2023-05-06 13:11:00','2023-05-06 14:39:00.000','2', '2');
INSERT INTO grupo03.Incidencia (Fecha_Hora_Registro, Id_Maquina, Fecha_Hora_Inicial_Parada, Fecha_Hora_Final_Parada, Id_Tecnico, Id_Estado) VALUES ('2023-05-07 16:55:00','6', '2023-05-07 16:38:00','2023-05-07 17:57:00.000','1', '3');
INSERT INTO grupo03.Incidencia (Fecha_Hora_Registro, Id_Maquina, Fecha_Hora_Inicial_Parada, Fecha_Hora_Final_Parada, Id_Tecnico, Id_Estado) VALUES ('2023-05-08 03:05:00','9', '2023-05-08 02:51:00','2023-05-08 04:09:00.000','2', '3');
INSERT INTO grupo03.Incidencia (Fecha_Hora_Registro, Id_Maquina, Fecha_Hora_Inicial_Parada, Fecha_Hora_Final_Parada, Id_Tecnico, Id_Estado) VALUES ('2023-05-10 12:12:00','11', '2023-05-10 11:54:00','2023-05-10 13:38:00.000','1', '2');
INSERT INTO grupo03.Incidencia (Fecha_Hora_Registro, Id_Maquina, Fecha_Hora_Inicial_Parada, Fecha_Hora_Final_Parada, Id_Tecnico, Id_Estado) VALUES ('2023-06-01 01:27:00','1', '2023-06-01 01:01:00','2023-06-01 03:00:00.000','2', '3');
INSERT INTO grupo03.Incidencia (Fecha_Hora_Registro, Id_Maquina, Fecha_Hora_Inicial_Parada, Fecha_Hora_Final_Parada, Id_Tecnico, Id_Estado) VALUES ('2023-06-01 03:49:00','9', '2023-06-01 03:19:00','2023-06-01 04:46:00.000','3', '2');
INSERT INTO grupo03.Incidencia (Fecha_Hora_Registro, Id_Maquina, Fecha_Hora_Inicial_Parada, Fecha_Hora_Final_Parada, Id_Tecnico, Id_Estado) VALUES ('2023-06-01 04:08:00','12', '2023-06-01 03:48:00','2023-06-01 04:41:00.000','2', '2');
INSERT INTO grupo03.Incidencia (Fecha_Hora_Registro, Id_Maquina, Fecha_Hora_Inicial_Parada, Fecha_Hora_Final_Parada, Id_Tecnico, Id_Estado) VALUES ('2023-06-11 00:20:00','8', '2023-06-11 00:02:00','2023-06-11 01:17:00.000','1', '3');
INSERT INTO grupo03.Incidencia (Fecha_Hora_Registro, Id_Maquina, Fecha_Hora_Inicial_Parada, Fecha_Hora_Final_Parada, Id_Tecnico, Id_Estado) VALUES ('2023-06-11 04:20:00','6', '2023-06-11 04:00:00','2023-06-11 05:12:00.000','3', '2');
INSERT INTO grupo03.Incidencia (Fecha_Hora_Registro, Id_Maquina, Fecha_Hora_Inicial_Parada, Fecha_Hora_Final_Parada, Id_Tecnico, Id_Estado) VALUES ('2023-06-11 08:34:00','3', '2023-06-11 08:12:00','2023-06-11 09:23:00.000','3', '3');
INSERT INTO grupo03.Incidencia (Fecha_Hora_Registro, Id_Maquina, Fecha_Hora_Inicial_Parada, Fecha_Hora_Final_Parada, Id_Tecnico, Id_Estado) VALUES ('2023-06-11 10:19:00','8', '2023-06-11 09:59:00','2023-06-11 11:12:00.000','1', '2');
INSERT INTO grupo03.Incidencia (Fecha_Hora_Registro, Id_Maquina, Fecha_Hora_Inicial_Parada, Fecha_Hora_Final_Parada, Id_Tecnico, Id_Estado) VALUES ('2023-06-11 02:11:00','6', '2023-06-11 01:51:00','2023-06-11 03:14:00.000','1', '2');
INSERT INTO grupo03.Incidencia (Fecha_Hora_Registro, Id_Maquina, Fecha_Hora_Inicial_Parada, Fecha_Hora_Final_Parada, Id_Tecnico, Id_Estado) VALUES ('2023-08-05 23:23:00','11', '2023-08-05 23:02:00','2023-08-06 00:07:00.000','2', '2');
INSERT INTO grupo03.Incidencia (Fecha_Hora_Registro, Id_Maquina, Fecha_Hora_Inicial_Parada, Fecha_Hora_Final_Parada, Id_Tecnico, Id_Estado) VALUES ('2023-12-02 11:46:00','5', '2023-12-02 11:24:00','2023-12-02 12:35:00.000','2', '2');
INSERT INTO grupo03.Incidencia (Fecha_Hora_Registro, Id_Maquina, Fecha_Hora_Inicial_Parada, Fecha_Hora_Final_Parada, Id_Tecnico, Id_Estado) VALUES ('2023-12-02 00:14:00','6', '2023-12-02 00:05:00','2023-12-02 00:57:00.000','2', '2');
INSERT INTO grupo03.Incidencia (Fecha_Hora_Registro, Id_Maquina, Fecha_Hora_Inicial_Parada, Fecha_Hora_Final_Parada, Id_Tecnico, Id_Estado) VALUES ('2023-12-02 02:16:00','4', '2023-12-02 01:59:00','2023-12-02 03:33:00.000','2', '3');
INSERT INTO grupo03.Incidencia (Fecha_Hora_Registro, Id_Maquina, Fecha_Hora_Inicial_Parada, Fecha_Hora_Final_Parada, Id_Tecnico, Id_Estado) VALUES ('2024-01-02 14:21:00','10', '2024-01-02 14:01:00','2024-01-02 15:35:00.000','3', '2');
INSERT INTO grupo03.Incidencia (Fecha_Hora_Registro, Id_Maquina, Fecha_Hora_Inicial_Parada, Fecha_Hora_Final_Parada, Id_Tecnico, Id_Estado) VALUES ('2024-01-05 15:21:00','4', '2024-01-05 15:00:00','2024-01-05 16:17:00.000','2', '2');
INSERT INTO grupo03.Incidencia (Fecha_Hora_Registro, Id_Maquina, Fecha_Hora_Inicial_Parada, Fecha_Hora_Final_Parada, Id_Tecnico, Id_Estado) VALUES ('2024-01-05 03:27:00','1', '2024-01-05 03:11:00','2024-01-05 04:12:00.000','3', '3');
INSERT INTO grupo03.Incidencia (Fecha_Hora_Registro, Id_Maquina, Fecha_Hora_Inicial_Parada, Fecha_Hora_Final_Parada, Id_Tecnico, Id_Estado) VALUES ('2024-01-05 16:42:00','13', '2024-01-05 16:22:00','2024-01-05 17:24:00.000','1', '2');
INSERT INTO grupo03.Incidencia (Fecha_Hora_Registro, Id_Maquina, Fecha_Hora_Inicial_Parada, Fecha_Hora_Final_Parada, Id_Tecnico, Id_Estado) VALUES ('2024-03-05 20:13:00','10', '2024-03-05 20:02:00','2024-03-05 21:14:00.000','3', '3');
INSERT INTO grupo03.Incidencia (Fecha_Hora_Registro, Id_Maquina, Fecha_Hora_Inicial_Parada, Fecha_Hora_Final_Parada, Id_Tecnico, Id_Estado) VALUES ('2024-03-05 18:57:00','8', '2024-03-05 18:21:00','2024-03-05 20:18:00.000','3', '3');
INSERT INTO grupo03.Incidencia (Fecha_Hora_Registro, Id_Maquina, Fecha_Hora_Inicial_Parada, Fecha_Hora_Final_Parada, Id_Tecnico, Id_Estado) VALUES ('2024-03-05 09:57:00','1', '2024-03-05 09:23:00','2024-03-05 10:59:00.000','3', '3');
INSERT INTO grupo03.Incidencia (Fecha_Hora_Registro, Id_Maquina, Fecha_Hora_Inicial_Parada, Fecha_Hora_Final_Parada, Id_Tecnico, Id_Estado) VALUES ('2024-03-07 02:06:00','11', '2024-03-07 01:46:00','2024-03-07 03:00:00.000','3', '3');
INSERT INTO grupo03.Incidencia (Fecha_Hora_Registro, Id_Maquina, Fecha_Hora_Inicial_Parada, Fecha_Hora_Final_Parada, Id_Tecnico, Id_Estado) VALUES ('2024-03-08 00:14:00','1', '2024-03-08 00:02:00','2024-03-08 01:22:00.000','1', '2');
INSERT INTO grupo03.Incidencia (Fecha_Hora_Registro, Id_Maquina, Fecha_Hora_Inicial_Parada, Fecha_Hora_Final_Parada, Id_Tecnico, Id_Estado) VALUES ('2024-03-11 05:22:00','11', '2024-03-11 05:01:00','2024-03-11 05:54:00.000','2', '2');
INSERT INTO grupo03.Incidencia (Fecha_Hora_Registro, Id_Maquina, Fecha_Hora_Inicial_Parada, Fecha_Hora_Final_Parada, Id_Tecnico, Id_Estado) VALUES ('2024-03-11 02:35:00','6', '2024-03-11 02:03:00','2024-03-11 03:43:00.000','1', '3');
INSERT INTO grupo03.Incidencia (Fecha_Hora_Registro, Id_Maquina, Fecha_Hora_Inicial_Parada, Fecha_Hora_Final_Parada, Id_Tecnico, Id_Estado) VALUES ('2024-03-11 01:38:00','5', '2024-03-11 01:12:00','2024-03-11 02:34:00.000','2', '2');
INSERT INTO grupo03.Incidencia (Fecha_Hora_Registro, Id_Maquina, Fecha_Hora_Inicial_Parada, Fecha_Hora_Final_Parada, Id_Tecnico, Id_Estado) VALUES ('2024-03-11 00:11:00','4', '2024-03-11 00:01:00','2024-03-11 00:55:00.000','2', '3');
INSERT INTO grupo03.Incidencia (Fecha_Hora_Registro, Id_Maquina, Fecha_Hora_Inicial_Parada, Fecha_Hora_Final_Parada, Id_Tecnico, Id_Estado) VALUES ('2024-04-03 03:51:00','10', '2024-04-03 03:38:00','2024-04-03 04:42:00.000','1', '2');
INSERT INTO grupo03.Incidencia (Fecha_Hora_Registro, Id_Maquina, Fecha_Hora_Inicial_Parada, Fecha_Hora_Final_Parada, Id_Tecnico, Id_Estado) VALUES ('2024-04-04 01:42:00','2', '2024-04-04 01:29:00','2024-04-04 02:33:00.000','2', '2');
INSERT INTO grupo03.Incidencia (Fecha_Hora_Registro, Id_Maquina, Fecha_Hora_Inicial_Parada, Fecha_Hora_Final_Parada, Id_Tecnico, Id_Estado) VALUES ('2024-04-04 11:33:00','13', '2024-04-04 11:15:00','2024-04-04 12:57:00.000','3', '2');
INSERT INTO grupo03.Incidencia (Fecha_Hora_Registro, Id_Maquina, Fecha_Hora_Inicial_Parada, Fecha_Hora_Final_Parada, Id_Tecnico, Id_Estado) VALUES ('2024-04-06 01:55:00','2', '2024-04-06 01:33:00','2024-04-06 03:15:00.000','2', '3');
INSERT INTO grupo03.Incidencia (Fecha_Hora_Registro, Id_Maquina, Fecha_Hora_Inicial_Parada, Fecha_Hora_Final_Parada, Id_Tecnico, Id_Estado) VALUES ('2024-04-06 04:06:00','11', '2024-04-06 03:56:00','2024-04-06 05:33:00.000','1', '2');
INSERT INTO grupo03.Incidencia (Fecha_Hora_Registro, Id_Maquina, Fecha_Hora_Inicial_Parada, Fecha_Hora_Final_Parada, Id_Tecnico, Id_Estado) VALUES ('2024-04-07 03:02:00','8', '2024-04-07 02:42:00','2024-04-07 04:14:00.000','3', '3');
INSERT INTO grupo03.Incidencia (Fecha_Hora_Registro, Id_Maquina, Fecha_Hora_Inicial_Parada, Fecha_Hora_Final_Parada, Id_Tecnico, Id_Estado) VALUES ('2024-04-07 13:22:00','11', '2024-04-07 13:01:00','2024-04-07 14:14:00.000','1', '3');
INSERT INTO grupo03.Incidencia (Fecha_Hora_Registro, Id_Maquina, Fecha_Hora_Inicial_Parada, Fecha_Hora_Final_Parada, Id_Tecnico, Id_Estado) VALUES ('2024-04-12 08:38:00','3', '2024-04-12 08:12:00','2024-04-12 09:32:00.000','2', '3');
INSERT INTO grupo03.Incidencia (Fecha_Hora_Registro, Id_Maquina, Fecha_Hora_Inicial_Parada, Fecha_Hora_Final_Parada, Id_Tecnico, Id_Estado) VALUES ('2024-04-12 09:35:00','2', '2024-04-12 09:05:00','2024-04-12 10:43:00.000','2', '2');
INSERT INTO grupo03.Incidencia (Fecha_Hora_Registro, Id_Maquina, Fecha_Hora_Inicial_Parada, Fecha_Hora_Final_Parada, Id_Tecnico, Id_Estado) VALUES ('2024-04-12 20:21:00','11', '2024-04-12 20:01:00','2024-04-12 21:48:00.000','2', '2');
INSERT INTO grupo03.Incidencia (Fecha_Hora_Registro, Id_Maquina, Fecha_Hora_Inicial_Parada, Fecha_Hora_Final_Parada, Id_Tecnico, Id_Estado) VALUES ('2024-05-01 18:06:00','10', '2024-05-01 17:43:00','2024-05-01 19:11:00.000','3', '3');
INSERT INTO grupo03.Incidencia (Fecha_Hora_Registro, Id_Maquina, Fecha_Hora_Inicial_Parada, Fecha_Hora_Final_Parada, Id_Tecnico, Id_Estado) VALUES ('2024-05-01 16:02:00','10', '2024-05-01 15:40:00','2024-05-01 17:07:00.000','2', '2');
INSERT INTO grupo03.Incidencia (Fecha_Hora_Registro, Id_Maquina, Fecha_Hora_Inicial_Parada, Fecha_Hora_Final_Parada, Id_Tecnico, Id_Estado) VALUES ('2024-05-02 11:57:00','1', '2024-05-02 11:33:00','2024-05-02 12:41:00.000','2', '2');
INSERT INTO grupo03.Incidencia (Fecha_Hora_Registro, Id_Maquina, Fecha_Hora_Inicial_Parada, Fecha_Hora_Final_Parada, Id_Tecnico, Id_Estado) VALUES ('2024-05-02 09:57:00','7', '2024-05-02 09:29:00','2024-05-02 11:16:00.000','1', '2');
INSERT INTO grupo03.Incidencia (Fecha_Hora_Registro, Id_Maquina, Fecha_Hora_Inicial_Parada, Fecha_Hora_Final_Parada, Id_Tecnico, Id_Estado) VALUES ('2024-05-02 15:21:00','11', '2024-05-02 15:04:00','2024-05-02 16:20:00.000','1', '3');


----insert tabla Reg_Mantenimiento
INSERT INTO grupo03.Reg_Mantenimiento (Fecha_Hora_Inicial_Reparacion, Fecha_Hora_Final_Reparacion, Id_Incidencia,Id_Turno) VALUES ('2022-01-05 19:42:00','2022-01-05 20:10:00', 1,'2');
INSERT INTO grupo03.Reg_Mantenimiento (Fecha_Hora_Inicial_Reparacion, Fecha_Hora_Final_Reparacion, Id_Incidencia,Id_Turno) VALUES ('2022-02-02 00:29:00','2022-02-02 01:05:00', 2,'2');
INSERT INTO grupo03.Reg_Mantenimiento (Fecha_Hora_Inicial_Reparacion, Fecha_Hora_Final_Reparacion, Id_Incidencia,Id_Turno) VALUES ('2022-02-02 10:19:00','2022-02-02 11:55:00', 3,'1');
INSERT INTO grupo03.Reg_Mantenimiento (Fecha_Hora_Inicial_Reparacion, Fecha_Hora_Final_Reparacion, Id_Incidencia,Id_Turno) VALUES ('2022-04-04 09:11:00','2022-04-04 09:33:00', 4,'1');
INSERT INTO grupo03.Reg_Mantenimiento (Fecha_Hora_Inicial_Reparacion, Fecha_Hora_Final_Reparacion, Id_Incidencia,Id_Turno) VALUES ('2022-04-04 01:13:00','2022-04-04 02:08:00', 5,'1');
INSERT INTO grupo03.Reg_Mantenimiento (Fecha_Hora_Inicial_Reparacion, Fecha_Hora_Final_Reparacion, Id_Incidencia,Id_Turno) VALUES ('2022-04-08 15:35:00','2022-04-08 16:00:00', 6,'1');
INSERT INTO grupo03.Reg_Mantenimiento (Fecha_Hora_Inicial_Reparacion, Fecha_Hora_Final_Reparacion, Id_Incidencia,Id_Turno) VALUES ('2022-05-05 16:26:00','2022-05-05 16:59:00', 7,'1');
INSERT INTO grupo03.Reg_Mantenimiento (Fecha_Hora_Inicial_Reparacion, Fecha_Hora_Final_Reparacion, Id_Incidencia,Id_Turno) VALUES ('2022-05-05 08:12:00','2022-05-05 08:42:00', 8,'1');
INSERT INTO grupo03.Reg_Mantenimiento (Fecha_Hora_Inicial_Reparacion, Fecha_Hora_Final_Reparacion, Id_Incidencia,Id_Turno) VALUES ('2022-05-05 09:48:00','2022-05-05 10:23:00', 9,'1');
INSERT INTO grupo03.Reg_Mantenimiento (Fecha_Hora_Inicial_Reparacion, Fecha_Hora_Final_Reparacion, Id_Incidencia,Id_Turno) VALUES ('2022-05-05 10:38:00','2022-05-05 11:07:00', 10,'1');
INSERT INTO grupo03.Reg_Mantenimiento (Fecha_Hora_Inicial_Reparacion, Fecha_Hora_Final_Reparacion, Id_Incidencia,Id_Turno) VALUES ('2022-06-06 18:15:00','2022-06-06 18:30:00', 11,'2');
INSERT INTO grupo03.Reg_Mantenimiento (Fecha_Hora_Inicial_Reparacion, Fecha_Hora_Final_Reparacion, Id_Incidencia,Id_Turno) VALUES ('2022-06-06 20:18:00','2022-06-06 20:57:00', 12,'2');
INSERT INTO grupo03.Reg_Mantenimiento (Fecha_Hora_Inicial_Reparacion, Fecha_Hora_Final_Reparacion, Id_Incidencia,Id_Turno) VALUES ('2022-06-06 10:34:00','2022-06-06 11:08:00', 13,'1');
INSERT INTO grupo03.Reg_Mantenimiento (Fecha_Hora_Inicial_Reparacion, Fecha_Hora_Final_Reparacion, Id_Incidencia,Id_Turno) VALUES ('2022-06-08 21:27:00','2022-06-08 21:55:00', 14,'2');
INSERT INTO grupo03.Reg_Mantenimiento (Fecha_Hora_Inicial_Reparacion, Fecha_Hora_Final_Reparacion, Id_Incidencia,Id_Turno) VALUES ('2022-06-08 11:13:00','2022-06-08 11:56:00', 15,'1');
INSERT INTO grupo03.Reg_Mantenimiento (Fecha_Hora_Inicial_Reparacion, Fecha_Hora_Final_Reparacion, Id_Incidencia,Id_Turno) VALUES ('2022-06-08 19:31:00','2022-06-08 19:45:00', 16,'2');
INSERT INTO grupo03.Reg_Mantenimiento (Fecha_Hora_Inicial_Reparacion, Fecha_Hora_Final_Reparacion, Id_Incidencia,Id_Turno) VALUES ('2022-06-09 17:28:00','2022-06-09 17:50:00', 17,'2');
INSERT INTO grupo03.Reg_Mantenimiento (Fecha_Hora_Inicial_Reparacion, Fecha_Hora_Final_Reparacion, Id_Incidencia,Id_Turno) VALUES ('2022-06-09 18:15:00','2022-06-09 18:40:00', 18,'2');
INSERT INTO grupo03.Reg_Mantenimiento (Fecha_Hora_Inicial_Reparacion, Fecha_Hora_Final_Reparacion, Id_Incidencia,Id_Turno) VALUES ('2022-06-12 20:29:00','2022-06-12 20:50:00', 19,'2');
INSERT INTO grupo03.Reg_Mantenimiento (Fecha_Hora_Inicial_Reparacion, Fecha_Hora_Final_Reparacion, Id_Incidencia,Id_Turno) VALUES ('2022-06-12 09:27:00','2022-06-12 09:58:00', 20,'1');
INSERT INTO grupo03.Reg_Mantenimiento (Fecha_Hora_Inicial_Reparacion, Fecha_Hora_Final_Reparacion, Id_Incidencia,Id_Turno) VALUES ('2022-07-11 20:31:00','2022-07-11 20:59:00', 21,'2');
INSERT INTO grupo03.Reg_Mantenimiento (Fecha_Hora_Inicial_Reparacion, Fecha_Hora_Final_Reparacion, Id_Incidencia,Id_Turno) VALUES ('2022-09-03 19:40:00','2022-09-03 20:41:00', 22,'2');
INSERT INTO grupo03.Reg_Mantenimiento (Fecha_Hora_Inicial_Reparacion, Fecha_Hora_Final_Reparacion, Id_Incidencia,Id_Turno) VALUES ('2022-10-12 11:31:00','2022-10-12 12:15:00', 23,'1');
INSERT INTO grupo03.Reg_Mantenimiento (Fecha_Hora_Inicial_Reparacion, Fecha_Hora_Final_Reparacion, Id_Incidencia,Id_Turno) VALUES ('2022-10-12 09:57:00','2022-10-12 10:36:00', 24,'1');
INSERT INTO grupo03.Reg_Mantenimiento (Fecha_Hora_Inicial_Reparacion, Fecha_Hora_Final_Reparacion, Id_Incidencia,Id_Turno) VALUES ('2022-11-08 21:15:00','2022-11-08 21:55:00', 25,'2');
INSERT INTO grupo03.Reg_Mantenimiento (Fecha_Hora_Inicial_Reparacion, Fecha_Hora_Final_Reparacion, Id_Incidencia,Id_Turno) VALUES ('2022-11-10 09:43:00','2022-11-10 10:14:00', 26,'1');
INSERT INTO grupo03.Reg_Mantenimiento (Fecha_Hora_Inicial_Reparacion, Fecha_Hora_Final_Reparacion, Id_Incidencia,Id_Turno) VALUES ('2022-11-10 18:39:00','2022-11-10 18:57:00', 27,'2');
INSERT INTO grupo03.Reg_Mantenimiento (Fecha_Hora_Inicial_Reparacion, Fecha_Hora_Final_Reparacion, Id_Incidencia,Id_Turno) VALUES ('2022-12-06 10:10:00','2022-12-06 10:43:00', 28,'1');
INSERT INTO grupo03.Reg_Mantenimiento (Fecha_Hora_Inicial_Reparacion, Fecha_Hora_Final_Reparacion, Id_Incidencia,Id_Turno) VALUES ('2022-12-08 11:32:00','2022-12-08 11:59:00', 29,'1');
INSERT INTO grupo03.Reg_Mantenimiento (Fecha_Hora_Inicial_Reparacion, Fecha_Hora_Final_Reparacion, Id_Incidencia,Id_Turno) VALUES ('2023-01-01 10:28:00','2023-01-01 10:55:00', 30,'1');
INSERT INTO grupo03.Reg_Mantenimiento (Fecha_Hora_Inicial_Reparacion, Fecha_Hora_Final_Reparacion, Id_Incidencia,Id_Turno) VALUES ('2023-01-01 09:59:00','2023-01-01 10:15:00', 31,'1');
INSERT INTO grupo03.Reg_Mantenimiento (Fecha_Hora_Inicial_Reparacion, Fecha_Hora_Final_Reparacion, Id_Incidencia,Id_Turno) VALUES ('2023-01-01 10:09:00','2023-01-01 10:25:00', 32,'1');
INSERT INTO grupo03.Reg_Mantenimiento (Fecha_Hora_Inicial_Reparacion, Fecha_Hora_Final_Reparacion, Id_Incidencia,Id_Turno) VALUES ('2023-01-02 10:28:00','2023-01-02 10:58:00', 33,'1');
INSERT INTO grupo03.Reg_Mantenimiento (Fecha_Hora_Inicial_Reparacion, Fecha_Hora_Final_Reparacion, Id_Incidencia,Id_Turno) VALUES ('2023-01-07 19:26:00','2023-01-07 20:00:00', 34,'2');
INSERT INTO grupo03.Reg_Mantenimiento (Fecha_Hora_Inicial_Reparacion, Fecha_Hora_Final_Reparacion, Id_Incidencia,Id_Turno) VALUES ('2023-02-03 09:49:00','2023-02-03 10:23:00', 35,'1');
INSERT INTO grupo03.Reg_Mantenimiento (Fecha_Hora_Inicial_Reparacion, Fecha_Hora_Final_Reparacion, Id_Incidencia,Id_Turno) VALUES ('2023-03-03 09:59:00','2023-03-03 10:21:00', 36,'1');
INSERT INTO grupo03.Reg_Mantenimiento (Fecha_Hora_Inicial_Reparacion, Fecha_Hora_Final_Reparacion, Id_Incidencia,Id_Turno) VALUES ('2023-03-03 11:31:00','2023-03-03 11:55:00', 37,'1');
INSERT INTO grupo03.Reg_Mantenimiento (Fecha_Hora_Inicial_Reparacion, Fecha_Hora_Final_Reparacion, Id_Incidencia,Id_Turno) VALUES ('2023-04-01 10:29:00','2023-04-01 10:54:00', 38,'1');
INSERT INTO grupo03.Reg_Mantenimiento (Fecha_Hora_Inicial_Reparacion, Fecha_Hora_Final_Reparacion, Id_Incidencia,Id_Turno) VALUES ('2023-04-09 06:14:00','2023-04-09 06:40:00', 39,'1');
INSERT INTO grupo03.Reg_Mantenimiento (Fecha_Hora_Inicial_Reparacion, Fecha_Hora_Final_Reparacion, Id_Incidencia,Id_Turno) VALUES ('2023-04-09 07:41:00','2023-04-09 08:11:00', 40,'1');
INSERT INTO grupo03.Reg_Mantenimiento (Fecha_Hora_Inicial_Reparacion, Fecha_Hora_Final_Reparacion, Id_Incidencia,Id_Turno) VALUES ('2023-04-10 08:13:00','2023-04-10 08:35:00', 41,'1');
INSERT INTO grupo03.Reg_Mantenimiento (Fecha_Hora_Inicial_Reparacion, Fecha_Hora_Final_Reparacion, Id_Incidencia,Id_Turno) VALUES ('2023-04-12 12:19:00','2023-04-12 12:49:00', 42,'1');
INSERT INTO grupo03.Reg_Mantenimiento (Fecha_Hora_Inicial_Reparacion, Fecha_Hora_Final_Reparacion, Id_Incidencia,Id_Turno) VALUES ('2023-05-02 01:33:00','2023-05-02 01:58:00', 43,'2');
INSERT INTO grupo03.Reg_Mantenimiento (Fecha_Hora_Inicial_Reparacion, Fecha_Hora_Final_Reparacion, Id_Incidencia,Id_Turno) VALUES ('2023-05-02 13:27:00','2023-05-02 13:59:00', 44,'1');
INSERT INTO grupo03.Reg_Mantenimiento (Fecha_Hora_Inicial_Reparacion, Fecha_Hora_Final_Reparacion, Id_Incidencia,Id_Turno) VALUES ('2023-05-04 22:19:00','2023-05-04 22:53:00', 45,'2');
INSERT INTO grupo03.Reg_Mantenimiento (Fecha_Hora_Inicial_Reparacion, Fecha_Hora_Final_Reparacion, Id_Incidencia,Id_Turno) VALUES ('2023-05-06 13:46:00','2023-05-06 14:23:00', 46,'1');
INSERT INTO grupo03.Reg_Mantenimiento (Fecha_Hora_Inicial_Reparacion, Fecha_Hora_Final_Reparacion, Id_Incidencia,Id_Turno) VALUES ('2023-05-07 17:03:00','2023-05-07 17:46:00', 47,'1');
INSERT INTO grupo03.Reg_Mantenimiento (Fecha_Hora_Inicial_Reparacion, Fecha_Hora_Final_Reparacion, Id_Incidencia,Id_Turno) VALUES ('2023-05-08 03:18:00','2023-05-08 03:52:00', 48,'2');
INSERT INTO grupo03.Reg_Mantenimiento (Fecha_Hora_Inicial_Reparacion, Fecha_Hora_Final_Reparacion, Id_Incidencia,Id_Turno) VALUES ('2023-05-10 12:24:00','2023-05-10 13:22:00', 49,'1');
INSERT INTO grupo03.Reg_Mantenimiento (Fecha_Hora_Inicial_Reparacion, Fecha_Hora_Final_Reparacion, Id_Incidencia,Id_Turno) VALUES ('2023-06-01 01:48:00','2023-06-01 02:44:00', 50,'2');
INSERT INTO grupo03.Reg_Mantenimiento (Fecha_Hora_Inicial_Reparacion, Fecha_Hora_Final_Reparacion, Id_Incidencia,Id_Turno) VALUES ('2023-06-01 04:01:00','2023-06-01 04:39:00', 51,'2');
INSERT INTO grupo03.Reg_Mantenimiento (Fecha_Hora_Inicial_Reparacion, Fecha_Hora_Final_Reparacion, Id_Incidencia,Id_Turno) VALUES ('2023-06-01 04:19:00','2023-06-01 04:32:00', 52,'2');
INSERT INTO grupo03.Reg_Mantenimiento (Fecha_Hora_Inicial_Reparacion, Fecha_Hora_Final_Reparacion, Id_Incidencia,Id_Turno) VALUES ('2023-06-11 00:37:00','2023-06-11 01:09:00', 53,'2');
INSERT INTO grupo03.Reg_Mantenimiento (Fecha_Hora_Inicial_Reparacion, Fecha_Hora_Final_Reparacion, Id_Incidencia,Id_Turno) VALUES ('2023-06-11 04:29:00','2023-06-11 04:57:00', 54,'2');
INSERT INTO grupo03.Reg_Mantenimiento (Fecha_Hora_Inicial_Reparacion, Fecha_Hora_Final_Reparacion, Id_Incidencia,Id_Turno) VALUES ('2023-06-11 08:44:00','2023-06-11 09:11:00', 55,'1');
INSERT INTO grupo03.Reg_Mantenimiento (Fecha_Hora_Inicial_Reparacion, Fecha_Hora_Final_Reparacion, Id_Incidencia,Id_Turno) VALUES ('2023-06-11 10:38:00','2023-06-11 10:58:00', 56,'1');
INSERT INTO grupo03.Reg_Mantenimiento (Fecha_Hora_Inicial_Reparacion, Fecha_Hora_Final_Reparacion, Id_Incidencia,Id_Turno) VALUES ('2023-06-11 02:23:00','2023-06-11 03:00:00', 57,'2');
INSERT INTO grupo03.Reg_Mantenimiento (Fecha_Hora_Inicial_Reparacion, Fecha_Hora_Final_Reparacion, Id_Incidencia,Id_Turno) VALUES ('2023-08-05 23:33:00','2023-08-05 23:58:00', 58,'2');
INSERT INTO grupo03.Reg_Mantenimiento (Fecha_Hora_Inicial_Reparacion, Fecha_Hora_Final_Reparacion, Id_Incidencia,Id_Turno) VALUES ('2023-12-02 11:55:00','2023-12-02 12:24:00', 59,'1');
INSERT INTO grupo03.Reg_Mantenimiento (Fecha_Hora_Inicial_Reparacion, Fecha_Hora_Final_Reparacion, Id_Incidencia,Id_Turno) VALUES ('2023-12-02 00:20:00','2023-12-02 00:48:00', 60,'2');
INSERT INTO grupo03.Reg_Mantenimiento (Fecha_Hora_Inicial_Reparacion, Fecha_Hora_Final_Reparacion, Id_Incidencia,Id_Turno) VALUES ('2023-12-02 02:41:00','2023-12-02 03:27:00', 61,'2');
INSERT INTO grupo03.Reg_Mantenimiento (Fecha_Hora_Inicial_Reparacion, Fecha_Hora_Final_Reparacion, Id_Incidencia,Id_Turno) VALUES ('2024-01-02 14:42:00','2024-01-02 15:29:00', 62,'1');
INSERT INTO grupo03.Reg_Mantenimiento (Fecha_Hora_Inicial_Reparacion, Fecha_Hora_Final_Reparacion, Id_Incidencia,Id_Turno) VALUES ('2024-01-05 15:39:00','2024-01-05 16:07:00', 63,'1');
INSERT INTO grupo03.Reg_Mantenimiento (Fecha_Hora_Inicial_Reparacion, Fecha_Hora_Final_Reparacion, Id_Incidencia,Id_Turno) VALUES ('2024-01-05 03:39:00','2024-01-05 03:57:00', 64,'2');
INSERT INTO grupo03.Reg_Mantenimiento (Fecha_Hora_Inicial_Reparacion, Fecha_Hora_Final_Reparacion, Id_Incidencia,Id_Turno) VALUES ('2024-01-05 16:52:00','2024-01-05 17:18:00', 65,'1');
INSERT INTO grupo03.Reg_Mantenimiento (Fecha_Hora_Inicial_Reparacion, Fecha_Hora_Final_Reparacion, Id_Incidencia,Id_Turno) VALUES ('2024-03-05 20:31:00','2024-03-05 21:04:00', 66,'2');
INSERT INTO grupo03.Reg_Mantenimiento (Fecha_Hora_Inicial_Reparacion, Fecha_Hora_Final_Reparacion, Id_Incidencia,Id_Turno) VALUES ('2024-03-05 19:22:00','2024-03-05 19:58:00', 67,'2');
INSERT INTO grupo03.Reg_Mantenimiento (Fecha_Hora_Inicial_Reparacion, Fecha_Hora_Final_Reparacion, Id_Incidencia,Id_Turno) VALUES ('2024-03-05 10:24:00','2024-03-05 10:49:00', 68,'1');
INSERT INTO grupo03.Reg_Mantenimiento (Fecha_Hora_Inicial_Reparacion, Fecha_Hora_Final_Reparacion, Id_Incidencia,Id_Turno) VALUES ('2024-03-07 02:16:00','2024-03-07 02:47:00', 69,'2');
INSERT INTO grupo03.Reg_Mantenimiento (Fecha_Hora_Inicial_Reparacion, Fecha_Hora_Final_Reparacion, Id_Incidencia,Id_Turno) VALUES ('2024-03-08 00:25:00','2024-03-08 00:59:00', 70,'2');
INSERT INTO grupo03.Reg_Mantenimiento (Fecha_Hora_Inicial_Reparacion, Fecha_Hora_Final_Reparacion, Id_Incidencia,Id_Turno) VALUES ('2024-03-11 05:29:00','2024-03-11 05:41:00', 71,'2');
INSERT INTO grupo03.Reg_Mantenimiento (Fecha_Hora_Inicial_Reparacion, Fecha_Hora_Final_Reparacion, Id_Incidencia,Id_Turno) VALUES ('2024-03-11 02:51:00','2024-03-11 03:27:00', 72,'2');
INSERT INTO grupo03.Reg_Mantenimiento (Fecha_Hora_Inicial_Reparacion, Fecha_Hora_Final_Reparacion, Id_Incidencia,Id_Turno) VALUES ('2024-03-11 01:51:00','2024-03-11 02:28:00', 73,'2');
INSERT INTO grupo03.Reg_Mantenimiento (Fecha_Hora_Inicial_Reparacion, Fecha_Hora_Final_Reparacion, Id_Incidencia,Id_Turno) VALUES ('2024-03-11 00:20:00','2024-03-11 00:45:00', 74,'2');
INSERT INTO grupo03.Reg_Mantenimiento (Fecha_Hora_Inicial_Reparacion, Fecha_Hora_Final_Reparacion, Id_Incidencia,Id_Turno) VALUES ('2024-04-03 03:59:00','2024-04-03 04:38:00', 75,'2');
INSERT INTO grupo03.Reg_Mantenimiento (Fecha_Hora_Inicial_Reparacion, Fecha_Hora_Final_Reparacion, Id_Incidencia,Id_Turno) VALUES ('2024-04-04 01:48:00','2024-04-04 02:17:00', 76,'2');
INSERT INTO grupo03.Reg_Mantenimiento (Fecha_Hora_Inicial_Reparacion, Fecha_Hora_Final_Reparacion, Id_Incidencia,Id_Turno) VALUES ('2024-04-04 11:54:00','2024-04-04 12:47:00', 77,'1');
INSERT INTO grupo03.Reg_Mantenimiento (Fecha_Hora_Inicial_Reparacion, Fecha_Hora_Final_Reparacion, Id_Incidencia,Id_Turno) VALUES ('2024-04-06 02:18:00','2024-04-06 02:58:00', 78,'2');
INSERT INTO grupo03.Reg_Mantenimiento (Fecha_Hora_Inicial_Reparacion, Fecha_Hora_Final_Reparacion, Id_Incidencia,Id_Turno) VALUES ('2024-04-06 04:33:00','2024-04-06 05:00:00', 79,'2');
INSERT INTO grupo03.Reg_Mantenimiento (Fecha_Hora_Inicial_Reparacion, Fecha_Hora_Final_Reparacion, Id_Incidencia,Id_Turno) VALUES ('2024-04-07 03:24:00','2024-04-07 03:58:00', 80,'2');
INSERT INTO grupo03.Reg_Mantenimiento (Fecha_Hora_Inicial_Reparacion, Fecha_Hora_Final_Reparacion, Id_Incidencia,Id_Turno) VALUES ('2024-04-07 13:41:00','2024-04-07 14:09:00', 81,'1');
INSERT INTO grupo03.Reg_Mantenimiento (Fecha_Hora_Inicial_Reparacion, Fecha_Hora_Final_Reparacion, Id_Incidencia,Id_Turno) VALUES ('2024-04-12 08:59:00','2024-04-12 09:26:00', 82,'1');
INSERT INTO grupo03.Reg_Mantenimiento (Fecha_Hora_Inicial_Reparacion, Fecha_Hora_Final_Reparacion, Id_Incidencia,Id_Turno) VALUES ('2024-04-12 09:57:00','2024-04-12 10:34:00', 83,'1');
INSERT INTO grupo03.Reg_Mantenimiento (Fecha_Hora_Inicial_Reparacion, Fecha_Hora_Final_Reparacion, Id_Incidencia,Id_Turno) VALUES ('2024-04-12 20:46:00','2024-04-12 21:32:00', 84,'2');
INSERT INTO grupo03.Reg_Mantenimiento (Fecha_Hora_Inicial_Reparacion, Fecha_Hora_Final_Reparacion, Id_Incidencia,Id_Turno) VALUES ('2024-05-01 18:28:00','2024-05-01 18:57:00', 85,'2');
INSERT INTO grupo03.Reg_Mantenimiento (Fecha_Hora_Inicial_Reparacion, Fecha_Hora_Final_Reparacion, Id_Incidencia,Id_Turno) VALUES ('2024-05-01 16:29:00','2024-05-01 16:51:00', 86,'1');
INSERT INTO grupo03.Reg_Mantenimiento (Fecha_Hora_Inicial_Reparacion, Fecha_Hora_Final_Reparacion, Id_Incidencia,Id_Turno) VALUES ('2024-05-02 12:09:00','2024-05-02 12:35:00', 87,'1');
INSERT INTO grupo03.Reg_Mantenimiento (Fecha_Hora_Inicial_Reparacion, Fecha_Hora_Final_Reparacion, Id_Incidencia,Id_Turno) VALUES ('2024-05-02 10:22:00','2024-05-02 11:00:00', 88,'1');
INSERT INTO grupo03.Reg_Mantenimiento (Fecha_Hora_Inicial_Reparacion, Fecha_Hora_Final_Reparacion, Id_Incidencia,Id_Turno) VALUES ('2024-05-02 15:35:00','2024-05-02 16:05:00', 89,'1');


----insert tabla Detalle_Reg_Mantenimiento
INSERT INTO grupo03.Detalle_Reg_Mantenimiento (Id_Categoria, Descripcion, Id_Repuesto, Id_Reg_Mantenimiento) VALUES ('6','Descripción de la reparación 968431019', 27,'1');
INSERT INTO grupo03.Detalle_Reg_Mantenimiento (Id_Categoria, Descripcion, Id_Repuesto, Id_Reg_Mantenimiento) VALUES ('18','Descripción de la reparación 1520007664', 41,'1');
INSERT INTO grupo03.Detalle_Reg_Mantenimiento (Id_Categoria, Descripcion, Id_Repuesto, Id_Reg_Mantenimiento) VALUES ('3','Descripción de la reparación 272033011', 13,'1');
INSERT INTO grupo03.Detalle_Reg_Mantenimiento (Id_Categoria, Descripcion, Id_Repuesto, Id_Reg_Mantenimiento) VALUES ('22','Descripción de la reparación 647121999', 46,'1');
INSERT INTO grupo03.Detalle_Reg_Mantenimiento (Id_Categoria, Descripcion, Id_Repuesto, Id_Reg_Mantenimiento) VALUES ('20','Descripción de la reparación 2044782811', 7,'2');
INSERT INTO grupo03.Detalle_Reg_Mantenimiento (Id_Categoria, Descripcion, Id_Repuesto, Id_Reg_Mantenimiento) VALUES ('18','Descripción de la reparación 1747507199', 36,'3');
INSERT INTO grupo03.Detalle_Reg_Mantenimiento (Id_Categoria, Descripcion, Id_Repuesto, Id_Reg_Mantenimiento) VALUES ('1','Descripción de la reparación 1146382640', 38,'4');
INSERT INTO grupo03.Detalle_Reg_Mantenimiento (Id_Categoria, Descripcion, Id_Repuesto, Id_Reg_Mantenimiento) VALUES ('19','Descripción de la reparación 758768893', 41,'5');
INSERT INTO grupo03.Detalle_Reg_Mantenimiento (Id_Categoria, Descripcion, Id_Repuesto, Id_Reg_Mantenimiento) VALUES ('18','Descripción de la reparación 426700099', 16,'6');
INSERT INTO grupo03.Detalle_Reg_Mantenimiento (Id_Categoria, Descripcion, Id_Repuesto, Id_Reg_Mantenimiento) VALUES ('10','Descripción de la reparación 1092248578', 44,'6');
INSERT INTO grupo03.Detalle_Reg_Mantenimiento (Id_Categoria, Descripcion, Id_Repuesto, Id_Reg_Mantenimiento) VALUES ('13','Descripción de la reparación 1875504438', 11,'7');
INSERT INTO grupo03.Detalle_Reg_Mantenimiento (Id_Categoria, Descripcion, Id_Repuesto, Id_Reg_Mantenimiento) VALUES ('6','Descripción de la reparación 1362864770', 34,'7');
INSERT INTO grupo03.Detalle_Reg_Mantenimiento (Id_Categoria, Descripcion, Id_Repuesto, Id_Reg_Mantenimiento) VALUES ('14','Descripción de la reparación 1003748341', 9,'8');
INSERT INTO grupo03.Detalle_Reg_Mantenimiento (Id_Categoria, Descripcion, Id_Repuesto, Id_Reg_Mantenimiento) VALUES ('23','Descripción de la reparación 985032568', 33,'8');
INSERT INTO grupo03.Detalle_Reg_Mantenimiento (Id_Categoria, Descripcion, Id_Repuesto, Id_Reg_Mantenimiento) VALUES ('11','Descripción de la reparación 1018298112', 44,'9');
INSERT INTO grupo03.Detalle_Reg_Mantenimiento (Id_Categoria, Descripcion, Id_Repuesto, Id_Reg_Mantenimiento) VALUES ('2','Descripción de la reparación 367719098', 20,'9');
INSERT INTO grupo03.Detalle_Reg_Mantenimiento (Id_Categoria, Descripcion, Id_Repuesto, Id_Reg_Mantenimiento) VALUES ('2','Descripción de la reparación 1713969886', 10,'10');
INSERT INTO grupo03.Detalle_Reg_Mantenimiento (Id_Categoria, Descripcion, Id_Repuesto, Id_Reg_Mantenimiento) VALUES ('1','Descripción de la reparación 1648323025', 46,'10');
INSERT INTO grupo03.Detalle_Reg_Mantenimiento (Id_Categoria, Descripcion, Id_Repuesto, Id_Reg_Mantenimiento) VALUES ('11','Descripción de la reparación 1338940430', 27,'11');
INSERT INTO grupo03.Detalle_Reg_Mantenimiento (Id_Categoria, Descripcion, Id_Repuesto, Id_Reg_Mantenimiento) VALUES ('4','Descripción de la reparación 1892370971', 22,'11');
INSERT INTO grupo03.Detalle_Reg_Mantenimiento (Id_Categoria, Descripcion, Id_Repuesto, Id_Reg_Mantenimiento) VALUES ('20','Descripción de la reparación 1937526929', 10,'12');
INSERT INTO grupo03.Detalle_Reg_Mantenimiento (Id_Categoria, Descripcion, Id_Repuesto, Id_Reg_Mantenimiento) VALUES ('5','Descripción de la reparación 357153669', 24,'12');
INSERT INTO grupo03.Detalle_Reg_Mantenimiento (Id_Categoria, Descripcion, Id_Repuesto, Id_Reg_Mantenimiento) VALUES ('14','Descripción de la reparación 1604801000', 31,'12');
INSERT INTO grupo03.Detalle_Reg_Mantenimiento (Id_Categoria, Descripcion, Id_Repuesto, Id_Reg_Mantenimiento) VALUES ('17','Descripción de la reparación 392599110', 43,'13');
INSERT INTO grupo03.Detalle_Reg_Mantenimiento (Id_Categoria, Descripcion, Id_Repuesto, Id_Reg_Mantenimiento) VALUES ('8','Descripción de la reparación 79266535', 15,'13');
INSERT INTO grupo03.Detalle_Reg_Mantenimiento (Id_Categoria, Descripcion, Id_Repuesto, Id_Reg_Mantenimiento) VALUES ('18','Descripción de la reparación 1757221169', 46,'13');
INSERT INTO grupo03.Detalle_Reg_Mantenimiento (Id_Categoria, Descripcion, Id_Repuesto, Id_Reg_Mantenimiento) VALUES ('4','Descripción de la reparación 1185287254', 43,'13');
INSERT INTO grupo03.Detalle_Reg_Mantenimiento (Id_Categoria, Descripcion, Id_Repuesto, Id_Reg_Mantenimiento) VALUES ('15','Descripción de la reparación 1715364560', 1,'14');
INSERT INTO grupo03.Detalle_Reg_Mantenimiento (Id_Categoria, Descripcion, Id_Repuesto, Id_Reg_Mantenimiento) VALUES ('14','Descripción de la reparación 958652519', 3,'15');
INSERT INTO grupo03.Detalle_Reg_Mantenimiento (Id_Categoria, Descripcion, Id_Repuesto, Id_Reg_Mantenimiento) VALUES ('6','Descripción de la reparación 1360563215', 41,'15');
INSERT INTO grupo03.Detalle_Reg_Mantenimiento (Id_Categoria, Descripcion, Id_Repuesto, Id_Reg_Mantenimiento) VALUES ('19','Descripción de la reparación 283959362', 15,'15');
INSERT INTO grupo03.Detalle_Reg_Mantenimiento (Id_Categoria, Descripcion, Id_Repuesto, Id_Reg_Mantenimiento) VALUES ('4','Descripción de la reparación 32029725', 27,'15');
INSERT INTO grupo03.Detalle_Reg_Mantenimiento (Id_Categoria, Descripcion, Id_Repuesto, Id_Reg_Mantenimiento) VALUES ('5','Descripción de la reparación 671831204', 21,'16');
INSERT INTO grupo03.Detalle_Reg_Mantenimiento (Id_Categoria, Descripcion, Id_Repuesto, Id_Reg_Mantenimiento) VALUES ('17','Descripción de la reparación 183720549', 47,'16');
INSERT INTO grupo03.Detalle_Reg_Mantenimiento (Id_Categoria, Descripcion, Id_Repuesto, Id_Reg_Mantenimiento) VALUES ('20','Descripción de la reparación 93307726', 30,'17');
INSERT INTO grupo03.Detalle_Reg_Mantenimiento (Id_Categoria, Descripcion, Id_Repuesto, Id_Reg_Mantenimiento) VALUES ('11','Descripción de la reparación 357193321', 42,'17');
INSERT INTO grupo03.Detalle_Reg_Mantenimiento (Id_Categoria, Descripcion, Id_Repuesto, Id_Reg_Mantenimiento) VALUES ('6','Descripción de la reparación 1747515176', 1,'18');
INSERT INTO grupo03.Detalle_Reg_Mantenimiento (Id_Categoria, Descripcion, Id_Repuesto, Id_Reg_Mantenimiento) VALUES ('14','Descripción de la reparación 304599004', 30,'18');
INSERT INTO grupo03.Detalle_Reg_Mantenimiento (Id_Categoria, Descripcion, Id_Repuesto, Id_Reg_Mantenimiento) VALUES ('12','Descripción de la reparación 1506164246', 28,'19');
INSERT INTO grupo03.Detalle_Reg_Mantenimiento (Id_Categoria, Descripcion, Id_Repuesto, Id_Reg_Mantenimiento) VALUES ('18','Descripción de la reparación 1012796804', 15,'20');
INSERT INTO grupo03.Detalle_Reg_Mantenimiento (Id_Categoria, Descripcion, Id_Repuesto, Id_Reg_Mantenimiento) VALUES ('13','Descripción de la reparación 750960729', 24,'20');
INSERT INTO grupo03.Detalle_Reg_Mantenimiento (Id_Categoria, Descripcion, Id_Repuesto, Id_Reg_Mantenimiento) VALUES ('19','Descripción de la reparación 147686899', 11,'21');
INSERT INTO grupo03.Detalle_Reg_Mantenimiento (Id_Categoria, Descripcion, Id_Repuesto, Id_Reg_Mantenimiento) VALUES ('19','Descripción de la reparación 1310273414', 36,'21');
INSERT INTO grupo03.Detalle_Reg_Mantenimiento (Id_Categoria, Descripcion, Id_Repuesto, Id_Reg_Mantenimiento) VALUES ('18','Descripción de la reparación 790878323', 18,'22');
INSERT INTO grupo03.Detalle_Reg_Mantenimiento (Id_Categoria, Descripcion, Id_Repuesto, Id_Reg_Mantenimiento) VALUES ('3','Descripción de la reparación 1688635533', 30,'22');
INSERT INTO grupo03.Detalle_Reg_Mantenimiento (Id_Categoria, Descripcion, Id_Repuesto, Id_Reg_Mantenimiento) VALUES ('2','Descripción de la reparación 352847413', 42,'22');
INSERT INTO grupo03.Detalle_Reg_Mantenimiento (Id_Categoria, Descripcion, Id_Repuesto, Id_Reg_Mantenimiento) VALUES ('4','Descripción de la reparación 139846196', 45,'22');
INSERT INTO grupo03.Detalle_Reg_Mantenimiento (Id_Categoria, Descripcion, Id_Repuesto, Id_Reg_Mantenimiento) VALUES ('15','Descripción de la reparación 109081726', 41,'23');
INSERT INTO grupo03.Detalle_Reg_Mantenimiento (Id_Categoria, Descripcion, Id_Repuesto, Id_Reg_Mantenimiento) VALUES ('8','Descripción de la reparación 1232926600', 46,'23');
INSERT INTO grupo03.Detalle_Reg_Mantenimiento (Id_Categoria, Descripcion, Id_Repuesto, Id_Reg_Mantenimiento) VALUES ('19','Descripción de la reparación 1310273414', 36,'23');
INSERT INTO grupo03.Detalle_Reg_Mantenimiento (Id_Categoria, Descripcion, Id_Repuesto, Id_Reg_Mantenimiento) VALUES ('5','Descripción de la reparación 961358377', 43,'24');
INSERT INTO grupo03.Detalle_Reg_Mantenimiento (Id_Categoria, Descripcion, Id_Repuesto, Id_Reg_Mantenimiento) VALUES ('23','Descripción de la reparación 382712408', 26,'24');
INSERT INTO grupo03.Detalle_Reg_Mantenimiento (Id_Categoria, Descripcion, Id_Repuesto, Id_Reg_Mantenimiento) VALUES ('1','Descripción de la reparación 1010819311', 41,'24');
INSERT INTO grupo03.Detalle_Reg_Mantenimiento (Id_Categoria, Descripcion, Id_Repuesto, Id_Reg_Mantenimiento) VALUES ('3','Descripción de la reparación 1280489691', 43,'25');
INSERT INTO grupo03.Detalle_Reg_Mantenimiento (Id_Categoria, Descripcion, Id_Repuesto, Id_Reg_Mantenimiento) VALUES ('19','Descripción de la reparación 737611473', 41,'25');
INSERT INTO grupo03.Detalle_Reg_Mantenimiento (Id_Categoria, Descripcion, Id_Repuesto, Id_Reg_Mantenimiento) VALUES ('23','Descripción de la reparación 1385723904', 49,'25');
INSERT INTO grupo03.Detalle_Reg_Mantenimiento (Id_Categoria, Descripcion, Id_Repuesto, Id_Reg_Mantenimiento) VALUES ('14','Descripción de la reparación 925591165', 6,'26');
INSERT INTO grupo03.Detalle_Reg_Mantenimiento (Id_Categoria, Descripcion, Id_Repuesto, Id_Reg_Mantenimiento) VALUES ('22','Descripción de la reparación 1456420829', 16,'26');
INSERT INTO grupo03.Detalle_Reg_Mantenimiento (Id_Categoria, Descripcion, Id_Repuesto, Id_Reg_Mantenimiento) VALUES ('9','Descripción de la reparación 413522555', 42,'26');
INSERT INTO grupo03.Detalle_Reg_Mantenimiento (Id_Categoria, Descripcion, Id_Repuesto, Id_Reg_Mantenimiento) VALUES ('21','Descripción de la reparación 1853873711', 21,'27');
INSERT INTO grupo03.Detalle_Reg_Mantenimiento (Id_Categoria, Descripcion, Id_Repuesto, Id_Reg_Mantenimiento) VALUES ('9','Descripción de la reparación 1834014050', 47,'27');
INSERT INTO grupo03.Detalle_Reg_Mantenimiento (Id_Categoria, Descripcion, Id_Repuesto, Id_Reg_Mantenimiento) VALUES ('15','Descripción de la reparación 1728137828', 7,'27');
INSERT INTO grupo03.Detalle_Reg_Mantenimiento (Id_Categoria, Descripcion, Id_Repuesto, Id_Reg_Mantenimiento) VALUES ('9','Descripción de la reparación 469997779', 30,'28');
INSERT INTO grupo03.Detalle_Reg_Mantenimiento (Id_Categoria, Descripcion, Id_Repuesto, Id_Reg_Mantenimiento) VALUES ('11','Descripción de la reparación 1100761866', 2,'28');
INSERT INTO grupo03.Detalle_Reg_Mantenimiento (Id_Categoria, Descripcion, Id_Repuesto, Id_Reg_Mantenimiento) VALUES ('20','Descripción de la reparación 929489903', 41,'28');
INSERT INTO grupo03.Detalle_Reg_Mantenimiento (Id_Categoria, Descripcion, Id_Repuesto, Id_Reg_Mantenimiento) VALUES ('14','Descripción de la reparación 905457734', 14,'29');
INSERT INTO grupo03.Detalle_Reg_Mantenimiento (Id_Categoria, Descripcion, Id_Repuesto, Id_Reg_Mantenimiento) VALUES ('22','Descripción de la reparación 741712866', 25,'29');
INSERT INTO grupo03.Detalle_Reg_Mantenimiento (Id_Categoria, Descripcion, Id_Repuesto, Id_Reg_Mantenimiento) VALUES ('16','Descripción de la reparación 328008312', 27,'30');
INSERT INTO grupo03.Detalle_Reg_Mantenimiento (Id_Categoria, Descripcion, Id_Repuesto, Id_Reg_Mantenimiento) VALUES ('22','Descripción de la reparación 647121999', 46,'30');
INSERT INTO grupo03.Detalle_Reg_Mantenimiento (Id_Categoria, Descripcion, Id_Repuesto, Id_Reg_Mantenimiento) VALUES ('3','Descripción de la reparación 618824507', 32,'31');
INSERT INTO grupo03.Detalle_Reg_Mantenimiento (Id_Categoria, Descripcion, Id_Repuesto, Id_Reg_Mantenimiento) VALUES ('8','Descripción de la reparación 2112035028', 29,'31');
INSERT INTO grupo03.Detalle_Reg_Mantenimiento (Id_Categoria, Descripcion, Id_Repuesto, Id_Reg_Mantenimiento) VALUES ('6','Descripción de la reparación 1612584350', 7,'32');
INSERT INTO grupo03.Detalle_Reg_Mantenimiento (Id_Categoria, Descripcion, Id_Repuesto, Id_Reg_Mantenimiento) VALUES ('22','Descripción de la reparación 905830322', 10,'32');
INSERT INTO grupo03.Detalle_Reg_Mantenimiento (Id_Categoria, Descripcion, Id_Repuesto, Id_Reg_Mantenimiento) VALUES ('3','Descripción de la reparación 883093931', 5,'32');
INSERT INTO grupo03.Detalle_Reg_Mantenimiento (Id_Categoria, Descripcion, Id_Repuesto, Id_Reg_Mantenimiento) VALUES ('13','Descripción de la reparación 2118864218', 20,'33');
INSERT INTO grupo03.Detalle_Reg_Mantenimiento (Id_Categoria, Descripcion, Id_Repuesto, Id_Reg_Mantenimiento) VALUES ('11','Descripción de la reparación 1777038328', 4,'33');
INSERT INTO grupo03.Detalle_Reg_Mantenimiento (Id_Categoria, Descripcion, Id_Repuesto, Id_Reg_Mantenimiento) VALUES ('18','Descripción de la reparación 1855753478', 43,'33');
INSERT INTO grupo03.Detalle_Reg_Mantenimiento (Id_Categoria, Descripcion, Id_Repuesto, Id_Reg_Mantenimiento) VALUES ('21','Descripción de la reparación 117398187', 16,'34');
INSERT INTO grupo03.Detalle_Reg_Mantenimiento (Id_Categoria, Descripcion, Id_Repuesto, Id_Reg_Mantenimiento) VALUES ('1','Descripción de la reparación 714141168', 21,'34');
INSERT INTO grupo03.Detalle_Reg_Mantenimiento (Id_Categoria, Descripcion, Id_Repuesto, Id_Reg_Mantenimiento) VALUES ('14','Descripción de la reparación 849022795', 27,'34');
INSERT INTO grupo03.Detalle_Reg_Mantenimiento (Id_Categoria, Descripcion, Id_Repuesto, Id_Reg_Mantenimiento) VALUES ('18','Descripción de la reparación 958895875', 16,'35');
INSERT INTO grupo03.Detalle_Reg_Mantenimiento (Id_Categoria, Descripcion, Id_Repuesto, Id_Reg_Mantenimiento) VALUES ('8','Descripción de la reparación 1312246090', 47,'35');
INSERT INTO grupo03.Detalle_Reg_Mantenimiento (Id_Categoria, Descripcion, Id_Repuesto, Id_Reg_Mantenimiento) VALUES ('20','Descripción de la reparación 1923147723', 36,'36');
INSERT INTO grupo03.Detalle_Reg_Mantenimiento (Id_Categoria, Descripcion, Id_Repuesto, Id_Reg_Mantenimiento) VALUES ('20','Descripción de la reparación 338735783', 44,'36');
INSERT INTO grupo03.Detalle_Reg_Mantenimiento (Id_Categoria, Descripcion, Id_Repuesto, Id_Reg_Mantenimiento) VALUES ('4','Descripción de la reparación 860839175', 15,'36');
INSERT INTO grupo03.Detalle_Reg_Mantenimiento (Id_Categoria, Descripcion, Id_Repuesto, Id_Reg_Mantenimiento) VALUES ('10','Descripción de la reparación 717060455', 36,'37');
INSERT INTO grupo03.Detalle_Reg_Mantenimiento (Id_Categoria, Descripcion, Id_Repuesto, Id_Reg_Mantenimiento) VALUES ('22','Descripción de la reparación 381192306', 11,'37');
INSERT INTO grupo03.Detalle_Reg_Mantenimiento (Id_Categoria, Descripcion, Id_Repuesto, Id_Reg_Mantenimiento) VALUES ('19','Descripción de la reparación 703139390', 31,'37');
INSERT INTO grupo03.Detalle_Reg_Mantenimiento (Id_Categoria, Descripcion, Id_Repuesto, Id_Reg_Mantenimiento) VALUES ('2','Descripción de la reparación 1675591809', 34,'38');
INSERT INTO grupo03.Detalle_Reg_Mantenimiento (Id_Categoria, Descripcion, Id_Repuesto, Id_Reg_Mantenimiento) VALUES ('23','Descripción de la reparación 916745911', 41,'38');
INSERT INTO grupo03.Detalle_Reg_Mantenimiento (Id_Categoria, Descripcion, Id_Repuesto, Id_Reg_Mantenimiento) VALUES ('19','Descripción de la reparación 1460072045', 29,'38');
INSERT INTO grupo03.Detalle_Reg_Mantenimiento (Id_Categoria, Descripcion, Id_Repuesto, Id_Reg_Mantenimiento) VALUES ('22','Descripción de la reparación 2081281293', 17,'39');
INSERT INTO grupo03.Detalle_Reg_Mantenimiento (Id_Categoria, Descripcion, Id_Repuesto, Id_Reg_Mantenimiento) VALUES ('11','Descripción de la reparación 854246847', 9,'39');
INSERT INTO grupo03.Detalle_Reg_Mantenimiento (Id_Categoria, Descripcion, Id_Repuesto, Id_Reg_Mantenimiento) VALUES ('13','Descripción de la reparación 274447040', 4,'39');
INSERT INTO grupo03.Detalle_Reg_Mantenimiento (Id_Categoria, Descripcion, Id_Repuesto, Id_Reg_Mantenimiento) VALUES ('15','Descripción de la reparación 1523418804', 17,'40');
INSERT INTO grupo03.Detalle_Reg_Mantenimiento (Id_Categoria, Descripcion, Id_Repuesto, Id_Reg_Mantenimiento) VALUES ('23','Descripción de la reparación 919102270', 23,'40');
INSERT INTO grupo03.Detalle_Reg_Mantenimiento (Id_Categoria, Descripcion, Id_Repuesto, Id_Reg_Mantenimiento) VALUES ('5','Descripción de la reparación 87739516', 49,'40');
INSERT INTO grupo03.Detalle_Reg_Mantenimiento (Id_Categoria, Descripcion, Id_Repuesto, Id_Reg_Mantenimiento) VALUES ('10','Descripción de la reparación 930611599', 42,'41');
INSERT INTO grupo03.Detalle_Reg_Mantenimiento (Id_Categoria, Descripcion, Id_Repuesto, Id_Reg_Mantenimiento) VALUES ('5','Descripción de la reparación 193177176', 29,'41');
INSERT INTO grupo03.Detalle_Reg_Mantenimiento (Id_Categoria, Descripcion, Id_Repuesto, Id_Reg_Mantenimiento) VALUES ('4','Descripción de la reparación 402663653', 37,'42');
INSERT INTO grupo03.Detalle_Reg_Mantenimiento (Id_Categoria, Descripcion, Id_Repuesto, Id_Reg_Mantenimiento) VALUES ('12','Descripción de la reparación 19879220', 8,'42');
INSERT INTO grupo03.Detalle_Reg_Mantenimiento (Id_Categoria, Descripcion, Id_Repuesto, Id_Reg_Mantenimiento) VALUES ('8','Descripción de la reparación 1232926600', 46,'43');
INSERT INTO grupo03.Detalle_Reg_Mantenimiento (Id_Categoria, Descripcion, Id_Repuesto, Id_Reg_Mantenimiento) VALUES ('1','Descripción de la reparación 1648323025', 46,'43');
INSERT INTO grupo03.Detalle_Reg_Mantenimiento (Id_Categoria, Descripcion, Id_Repuesto, Id_Reg_Mantenimiento) VALUES ('3','Descripción de la reparación 1075697626', 43,'43');
INSERT INTO grupo03.Detalle_Reg_Mantenimiento (Id_Categoria, Descripcion, Id_Repuesto, Id_Reg_Mantenimiento) VALUES ('13','Descripción de la reparación 1988281732', 25,'44');
INSERT INTO grupo03.Detalle_Reg_Mantenimiento (Id_Categoria, Descripcion, Id_Repuesto, Id_Reg_Mantenimiento) VALUES ('23','Descripción de la reparación 2026351589', 11,'44');
INSERT INTO grupo03.Detalle_Reg_Mantenimiento (Id_Categoria, Descripcion, Id_Repuesto, Id_Reg_Mantenimiento) VALUES ('10','Descripción de la reparación 1511971758', 15,'45');
INSERT INTO grupo03.Detalle_Reg_Mantenimiento (Id_Categoria, Descripcion, Id_Repuesto, Id_Reg_Mantenimiento) VALUES ('16','Descripción de la reparación 1826137108', 13,'46');
INSERT INTO grupo03.Detalle_Reg_Mantenimiento (Id_Categoria, Descripcion, Id_Repuesto, Id_Reg_Mantenimiento) VALUES ('23','Descripción de la reparación 1062011761', 48,'47');
INSERT INTO grupo03.Detalle_Reg_Mantenimiento (Id_Categoria, Descripcion, Id_Repuesto, Id_Reg_Mantenimiento) VALUES ('3','Descripción de la reparación 1389245762', 33,'47');
INSERT INTO grupo03.Detalle_Reg_Mantenimiento (Id_Categoria, Descripcion, Id_Repuesto, Id_Reg_Mantenimiento) VALUES ('2','Descripción de la reparación 982934986', 13,'48');
INSERT INTO grupo03.Detalle_Reg_Mantenimiento (Id_Categoria, Descripcion, Id_Repuesto, Id_Reg_Mantenimiento) VALUES ('3','Descripción de la reparación 1536990166', 36,'48');
INSERT INTO grupo03.Detalle_Reg_Mantenimiento (Id_Categoria, Descripcion, Id_Repuesto, Id_Reg_Mantenimiento) VALUES ('16','Descripción de la reparación 135762321', 11,'48');
INSERT INTO grupo03.Detalle_Reg_Mantenimiento (Id_Categoria, Descripcion, Id_Repuesto, Id_Reg_Mantenimiento) VALUES ('5','Descripción de la reparación 372719132', 14,'50');
INSERT INTO grupo03.Detalle_Reg_Mantenimiento (Id_Categoria, Descripcion, Id_Repuesto, Id_Reg_Mantenimiento) VALUES ('16','Descripción de la reparación 1792726961', 31,'50');
INSERT INTO grupo03.Detalle_Reg_Mantenimiento (Id_Categoria, Descripcion, Id_Repuesto, Id_Reg_Mantenimiento) VALUES ('9','Descripción de la reparación 1834014050', 47,'51');
INSERT INTO grupo03.Detalle_Reg_Mantenimiento (Id_Categoria, Descripcion, Id_Repuesto, Id_Reg_Mantenimiento) VALUES ('13','Descripción de la reparación 706218326', 3,'51');
INSERT INTO grupo03.Detalle_Reg_Mantenimiento (Id_Categoria, Descripcion, Id_Repuesto, Id_Reg_Mantenimiento) VALUES ('16','Descripción de la reparación 276046078', 46,'52');
INSERT INTO grupo03.Detalle_Reg_Mantenimiento (Id_Categoria, Descripcion, Id_Repuesto, Id_Reg_Mantenimiento) VALUES ('1','Descripción de la reparación 934937094', 32,'52');
INSERT INTO grupo03.Detalle_Reg_Mantenimiento (Id_Categoria, Descripcion, Id_Repuesto, Id_Reg_Mantenimiento) VALUES ('18','Descripción de la reparación 1252436632', 11,'52');
INSERT INTO grupo03.Detalle_Reg_Mantenimiento (Id_Categoria, Descripcion, Id_Repuesto, Id_Reg_Mantenimiento) VALUES ('4','Descripción de la reparación 397242337', 22,'53');
INSERT INTO grupo03.Detalle_Reg_Mantenimiento (Id_Categoria, Descripcion, Id_Repuesto, Id_Reg_Mantenimiento) VALUES ('7','Descripción de la reparación 496934676', 20,'53');
INSERT INTO grupo03.Detalle_Reg_Mantenimiento (Id_Categoria, Descripcion, Id_Repuesto, Id_Reg_Mantenimiento) VALUES ('21','Descripción de la reparación 1316731027', 30,'53');
INSERT INTO grupo03.Detalle_Reg_Mantenimiento (Id_Categoria, Descripcion, Id_Repuesto, Id_Reg_Mantenimiento) VALUES ('1','Descripción de la reparación 714141168', 21,'53');
INSERT INTO grupo03.Detalle_Reg_Mantenimiento (Id_Categoria, Descripcion, Id_Repuesto, Id_Reg_Mantenimiento) VALUES ('16','Descripción de la reparación 688240939', 4,'54');
INSERT INTO grupo03.Detalle_Reg_Mantenimiento (Id_Categoria, Descripcion, Id_Repuesto, Id_Reg_Mantenimiento) VALUES ('14','Descripción de la reparación 97358410', 9,'54');
INSERT INTO grupo03.Detalle_Reg_Mantenimiento (Id_Categoria, Descripcion, Id_Repuesto, Id_Reg_Mantenimiento) VALUES ('22','Descripción de la reparación 575630780', 27,'55');
INSERT INTO grupo03.Detalle_Reg_Mantenimiento (Id_Categoria, Descripcion, Id_Repuesto, Id_Reg_Mantenimiento) VALUES ('19','Descripción de la reparación 917024716', 49,'55');
INSERT INTO grupo03.Detalle_Reg_Mantenimiento (Id_Categoria, Descripcion, Id_Repuesto, Id_Reg_Mantenimiento) VALUES ('13','Descripción de la reparación 1875504438', 11,'55');
INSERT INTO grupo03.Detalle_Reg_Mantenimiento (Id_Categoria, Descripcion, Id_Repuesto, Id_Reg_Mantenimiento) VALUES ('20','Descripción de la reparación 261226218', 6,'55');
INSERT INTO grupo03.Detalle_Reg_Mantenimiento (Id_Categoria, Descripcion, Id_Repuesto, Id_Reg_Mantenimiento) VALUES ('20','Descripción de la reparación 929489903', 41,'56');
INSERT INTO grupo03.Detalle_Reg_Mantenimiento (Id_Categoria, Descripcion, Id_Repuesto, Id_Reg_Mantenimiento) VALUES ('21','Descripción de la reparación 2091676507', 21,'56');
INSERT INTO grupo03.Detalle_Reg_Mantenimiento (Id_Categoria, Descripcion, Id_Repuesto, Id_Reg_Mantenimiento) VALUES ('18','Descripción de la reparación 585992844', 4,'57');
INSERT INTO grupo03.Detalle_Reg_Mantenimiento (Id_Categoria, Descripcion, Id_Repuesto, Id_Reg_Mantenimiento) VALUES ('3','Descripción de la reparación 618824507', 32,'58');
INSERT INTO grupo03.Detalle_Reg_Mantenimiento (Id_Categoria, Descripcion, Id_Repuesto, Id_Reg_Mantenimiento) VALUES ('9','Descripción de la reparación 180413465', 1,'58');
INSERT INTO grupo03.Detalle_Reg_Mantenimiento (Id_Categoria, Descripcion, Id_Repuesto, Id_Reg_Mantenimiento) VALUES ('20','Descripción de la reparación 508955443', 4,'59');
INSERT INTO grupo03.Detalle_Reg_Mantenimiento (Id_Categoria, Descripcion, Id_Repuesto, Id_Reg_Mantenimiento) VALUES ('17','Descripción de la reparación 1739251144', 25,'59');
INSERT INTO grupo03.Detalle_Reg_Mantenimiento (Id_Categoria, Descripcion, Id_Repuesto, Id_Reg_Mantenimiento) VALUES ('15','Descripción de la reparación 43592566', 27,'59');
INSERT INTO grupo03.Detalle_Reg_Mantenimiento (Id_Categoria, Descripcion, Id_Repuesto, Id_Reg_Mantenimiento) VALUES ('21','Descripción de la reparación 193946665', 10,'60');
INSERT INTO grupo03.Detalle_Reg_Mantenimiento (Id_Categoria, Descripcion, Id_Repuesto, Id_Reg_Mantenimiento) VALUES ('2','Descripción de la reparación 689694178', 9,'60');
INSERT INTO grupo03.Detalle_Reg_Mantenimiento (Id_Categoria, Descripcion, Id_Repuesto, Id_Reg_Mantenimiento) VALUES ('22','Descripción de la reparación 52383909', 39,'60');
INSERT INTO grupo03.Detalle_Reg_Mantenimiento (Id_Categoria, Descripcion, Id_Repuesto, Id_Reg_Mantenimiento) VALUES ('13','Descripción de la reparación 100185454', 47,'61');
INSERT INTO grupo03.Detalle_Reg_Mantenimiento (Id_Categoria, Descripcion, Id_Repuesto, Id_Reg_Mantenimiento) VALUES ('10','Descripción de la reparación 48898117', 24,'61');
INSERT INTO grupo03.Detalle_Reg_Mantenimiento (Id_Categoria, Descripcion, Id_Repuesto, Id_Reg_Mantenimiento) VALUES ('2','Descripción de la reparación 941477248', 33,'62');
INSERT INTO grupo03.Detalle_Reg_Mantenimiento (Id_Categoria, Descripcion, Id_Repuesto, Id_Reg_Mantenimiento) VALUES ('13','Descripción de la reparación 750960729', 24,'62');
INSERT INTO grupo03.Detalle_Reg_Mantenimiento (Id_Categoria, Descripcion, Id_Repuesto, Id_Reg_Mantenimiento) VALUES ('23','Descripción de la reparación 916745911', 41,'63');
INSERT INTO grupo03.Detalle_Reg_Mantenimiento (Id_Categoria, Descripcion, Id_Repuesto, Id_Reg_Mantenimiento) VALUES ('1','Descripción de la reparación 1413816679', 49,'63');
INSERT INTO grupo03.Detalle_Reg_Mantenimiento (Id_Categoria, Descripcion, Id_Repuesto, Id_Reg_Mantenimiento) VALUES ('12','Descripción de la reparación 231020951', 25,'64');
INSERT INTO grupo03.Detalle_Reg_Mantenimiento (Id_Categoria, Descripcion, Id_Repuesto, Id_Reg_Mantenimiento) VALUES ('14','Descripción de la reparación 1604801000', 31,'64');
INSERT INTO grupo03.Detalle_Reg_Mantenimiento (Id_Categoria, Descripcion, Id_Repuesto, Id_Reg_Mantenimiento) VALUES ('20','Descripción de la reparación 2134870247', 46,'65');
INSERT INTO grupo03.Detalle_Reg_Mantenimiento (Id_Categoria, Descripcion, Id_Repuesto, Id_Reg_Mantenimiento) VALUES ('10','Descripción de la reparación 592413717', 25,'66');
INSERT INTO grupo03.Detalle_Reg_Mantenimiento (Id_Categoria, Descripcion, Id_Repuesto, Id_Reg_Mantenimiento) VALUES ('8','Descripción de la reparación 559992443', 1,'66');
INSERT INTO grupo03.Detalle_Reg_Mantenimiento (Id_Categoria, Descripcion, Id_Repuesto, Id_Reg_Mantenimiento) VALUES ('3','Descripción de la reparación 929048289', 8,'67');
INSERT INTO grupo03.Detalle_Reg_Mantenimiento (Id_Categoria, Descripcion, Id_Repuesto, Id_Reg_Mantenimiento) VALUES ('7','Descripción de la reparación 584598169', 13,'67');
INSERT INTO grupo03.Detalle_Reg_Mantenimiento (Id_Categoria, Descripcion, Id_Repuesto, Id_Reg_Mantenimiento) VALUES ('20','Descripción de la reparación 93307726', 30,'68');
INSERT INTO grupo03.Detalle_Reg_Mantenimiento (Id_Categoria, Descripcion, Id_Repuesto, Id_Reg_Mantenimiento) VALUES ('7','Descripción de la reparación 1645077994', 23,'68');
INSERT INTO grupo03.Detalle_Reg_Mantenimiento (Id_Categoria, Descripcion, Id_Repuesto, Id_Reg_Mantenimiento) VALUES ('19','Descripción de la reparación 493455953', 46,'69');
INSERT INTO grupo03.Detalle_Reg_Mantenimiento (Id_Categoria, Descripcion, Id_Repuesto, Id_Reg_Mantenimiento) VALUES ('14','Descripción de la reparación 905457734', 14,'69');
INSERT INTO grupo03.Detalle_Reg_Mantenimiento (Id_Categoria, Descripcion, Id_Repuesto, Id_Reg_Mantenimiento) VALUES ('3','Descripción de la reparación 2115033308', 22,'70');
INSERT INTO grupo03.Detalle_Reg_Mantenimiento (Id_Categoria, Descripcion, Id_Repuesto, Id_Reg_Mantenimiento) VALUES ('11','Descripción de la reparación 357193321', 42,'70');
INSERT INTO grupo03.Detalle_Reg_Mantenimiento (Id_Categoria, Descripcion, Id_Repuesto, Id_Reg_Mantenimiento) VALUES ('1','Descripción de la reparación 345214764', 44,'71');
INSERT INTO grupo03.Detalle_Reg_Mantenimiento (Id_Categoria, Descripcion, Id_Repuesto, Id_Reg_Mantenimiento) VALUES ('17','Descripción de la reparación 2005142448', 36,'71');
INSERT INTO grupo03.Detalle_Reg_Mantenimiento (Id_Categoria, Descripcion, Id_Repuesto, Id_Reg_Mantenimiento) VALUES ('1','Descripción de la reparación 2053434208', 18,'72');
INSERT INTO grupo03.Detalle_Reg_Mantenimiento (Id_Categoria, Descripcion, Id_Repuesto, Id_Reg_Mantenimiento) VALUES ('2','Descripción de la reparación 741967292', 16,'72');
INSERT INTO grupo03.Detalle_Reg_Mantenimiento (Id_Categoria, Descripcion, Id_Repuesto, Id_Reg_Mantenimiento) VALUES ('1','Descripción de la reparación 1792783359', 29,'73');
INSERT INTO grupo03.Detalle_Reg_Mantenimiento (Id_Categoria, Descripcion, Id_Repuesto, Id_Reg_Mantenimiento) VALUES ('23','Descripción de la reparación 1286543968', 19,'73');
INSERT INTO grupo03.Detalle_Reg_Mantenimiento (Id_Categoria, Descripcion, Id_Repuesto, Id_Reg_Mantenimiento) VALUES ('15','Descripción de la reparación 1096993952', 43,'73');
INSERT INTO grupo03.Detalle_Reg_Mantenimiento (Id_Categoria, Descripcion, Id_Repuesto, Id_Reg_Mantenimiento) VALUES ('19','Descripción de la reparación 328468081', 25,'74');
INSERT INTO grupo03.Detalle_Reg_Mantenimiento (Id_Categoria, Descripcion, Id_Repuesto, Id_Reg_Mantenimiento) VALUES ('9','Descripción de la reparación 1124548021', 38,'74');
INSERT INTO grupo03.Detalle_Reg_Mantenimiento (Id_Categoria, Descripcion, Id_Repuesto, Id_Reg_Mantenimiento) VALUES ('8','Descripción de la reparación 1106715571', 12,'75');
INSERT INTO grupo03.Detalle_Reg_Mantenimiento (Id_Categoria, Descripcion, Id_Repuesto, Id_Reg_Mantenimiento) VALUES ('11','Descripción de la reparación 1338940430', 27,'75');
INSERT INTO grupo03.Detalle_Reg_Mantenimiento (Id_Categoria, Descripcion, Id_Repuesto, Id_Reg_Mantenimiento) VALUES ('9','Descripción de la reparación 6865519', 16,'76');
INSERT INTO grupo03.Detalle_Reg_Mantenimiento (Id_Categoria, Descripcion, Id_Repuesto, Id_Reg_Mantenimiento) VALUES ('15','Descripción de la reparación 308572230', 12,'76');
INSERT INTO grupo03.Detalle_Reg_Mantenimiento (Id_Categoria, Descripcion, Id_Repuesto, Id_Reg_Mantenimiento) VALUES ('22','Descripción de la reparación 1585433423', 46,'76');
INSERT INTO grupo03.Detalle_Reg_Mantenimiento (Id_Categoria, Descripcion, Id_Repuesto, Id_Reg_Mantenimiento) VALUES ('13','Descripción de la reparación 2118864218', 20,'76');
INSERT INTO grupo03.Detalle_Reg_Mantenimiento (Id_Categoria, Descripcion, Id_Repuesto, Id_Reg_Mantenimiento) VALUES ('21','Descripción de la reparación 427510752', 44,'76');
INSERT INTO grupo03.Detalle_Reg_Mantenimiento (Id_Categoria, Descripcion, Id_Repuesto, Id_Reg_Mantenimiento) VALUES ('7','Descripción de la reparación 12655185', 8,'77');
INSERT INTO grupo03.Detalle_Reg_Mantenimiento (Id_Categoria, Descripcion, Id_Repuesto, Id_Reg_Mantenimiento) VALUES ('10','Descripción de la reparación 1692617425', 16,'77');
INSERT INTO grupo03.Detalle_Reg_Mantenimiento (Id_Categoria, Descripcion, Id_Repuesto, Id_Reg_Mantenimiento) VALUES ('6','Descripción de la reparación 350688943', 21,'77');
INSERT INTO grupo03.Detalle_Reg_Mantenimiento (Id_Categoria, Descripcion, Id_Repuesto, Id_Reg_Mantenimiento) VALUES ('20','Descripción de la reparación 338735783', 44,'77');
INSERT INTO grupo03.Detalle_Reg_Mantenimiento (Id_Categoria, Descripcion, Id_Repuesto, Id_Reg_Mantenimiento) VALUES ('11','Descripción de la reparación 2004137518', 37,'77');
INSERT INTO grupo03.Detalle_Reg_Mantenimiento (Id_Categoria, Descripcion, Id_Repuesto, Id_Reg_Mantenimiento) VALUES ('5','Descripción de la reparación 1162293261', 45,'77');
INSERT INTO grupo03.Detalle_Reg_Mantenimiento (Id_Categoria, Descripcion, Id_Repuesto, Id_Reg_Mantenimiento) VALUES ('1','Descripción de la reparación 575998698', 25,'77');
INSERT INTO grupo03.Detalle_Reg_Mantenimiento (Id_Categoria, Descripcion, Id_Repuesto, Id_Reg_Mantenimiento) VALUES ('8','Descripción de la reparación 1376650924', 31,'78');
INSERT INTO grupo03.Detalle_Reg_Mantenimiento (Id_Categoria, Descripcion, Id_Repuesto, Id_Reg_Mantenimiento) VALUES ('8','Descripción de la reparación 1312246090', 47,'78');
INSERT INTO grupo03.Detalle_Reg_Mantenimiento (Id_Categoria, Descripcion, Id_Repuesto, Id_Reg_Mantenimiento) VALUES ('2','Descripción de la reparación 51644635', 24,'78');
INSERT INTO grupo03.Detalle_Reg_Mantenimiento (Id_Categoria, Descripcion, Id_Repuesto, Id_Reg_Mantenimiento) VALUES ('18','Descripción de la reparación 1827681557', 24,'78');
INSERT INTO grupo03.Detalle_Reg_Mantenimiento (Id_Categoria, Descripcion, Id_Repuesto, Id_Reg_Mantenimiento) VALUES ('16','Descripción de la reparación 1062120165', 9,'79');
INSERT INTO grupo03.Detalle_Reg_Mantenimiento (Id_Categoria, Descripcion, Id_Repuesto, Id_Reg_Mantenimiento) VALUES ('23','Descripción de la reparación 2058079310', 27,'79');
INSERT INTO grupo03.Detalle_Reg_Mantenimiento (Id_Categoria, Descripcion, Id_Repuesto, Id_Reg_Mantenimiento) VALUES ('3','Descripción de la reparación 1300234366', 6,'79');
INSERT INTO grupo03.Detalle_Reg_Mantenimiento (Id_Categoria, Descripcion, Id_Repuesto, Id_Reg_Mantenimiento) VALUES ('7','Descripción de la reparación 1333643403', 23,'79');
INSERT INTO grupo03.Detalle_Reg_Mantenimiento (Id_Categoria, Descripcion, Id_Repuesto, Id_Reg_Mantenimiento) VALUES ('17','Descripción de la reparación 727743292', 46,'80');
INSERT INTO grupo03.Detalle_Reg_Mantenimiento (Id_Categoria, Descripcion, Id_Repuesto, Id_Reg_Mantenimiento) VALUES ('8','Descripción de la reparación 2073292919', 34,'80');
INSERT INTO grupo03.Detalle_Reg_Mantenimiento (Id_Categoria, Descripcion, Id_Repuesto, Id_Reg_Mantenimiento) VALUES ('1','Descripción de la reparación 1025224127', 45,'80');
INSERT INTO grupo03.Detalle_Reg_Mantenimiento (Id_Categoria, Descripcion, Id_Repuesto, Id_Reg_Mantenimiento) VALUES ('12','Descripción de la reparación 1790997323', 19,'80');
INSERT INTO grupo03.Detalle_Reg_Mantenimiento (Id_Categoria, Descripcion, Id_Repuesto, Id_Reg_Mantenimiento) VALUES ('9','Descripción de la reparación 1678871436', 1,'80');
INSERT INTO grupo03.Detalle_Reg_Mantenimiento (Id_Categoria, Descripcion, Id_Repuesto, Id_Reg_Mantenimiento) VALUES ('9','Descripción de la reparación 622632671', 26,'81');
INSERT INTO grupo03.Detalle_Reg_Mantenimiento (Id_Categoria, Descripcion, Id_Repuesto, Id_Reg_Mantenimiento) VALUES ('8','Descripción de la reparación 79266535', 15,'81');
INSERT INTO grupo03.Detalle_Reg_Mantenimiento (Id_Categoria, Descripcion, Id_Repuesto, Id_Reg_Mantenimiento) VALUES ('14','Descripción de la reparación 925591165', 6,'81');
INSERT INTO grupo03.Detalle_Reg_Mantenimiento (Id_Categoria, Descripcion, Id_Repuesto, Id_Reg_Mantenimiento) VALUES ('6','Descripción de la reparación 678038065', 26,'81');
INSERT INTO grupo03.Detalle_Reg_Mantenimiento (Id_Categoria, Descripcion, Id_Repuesto, Id_Reg_Mantenimiento) VALUES ('7','Descripción de la reparación 577544287', 39,'81');
INSERT INTO grupo03.Detalle_Reg_Mantenimiento (Id_Categoria, Descripcion, Id_Repuesto, Id_Reg_Mantenimiento) VALUES ('14','Descripción de la reparación 1319760029', 33,'82');
INSERT INTO grupo03.Detalle_Reg_Mantenimiento (Id_Categoria, Descripcion, Id_Repuesto, Id_Reg_Mantenimiento) VALUES ('19','Descripción de la reparación 2141385965', 31,'82');
INSERT INTO grupo03.Detalle_Reg_Mantenimiento (Id_Categoria, Descripcion, Id_Repuesto, Id_Reg_Mantenimiento) VALUES ('18','Descripción de la reparación 790878323', 18,'82');
INSERT INTO grupo03.Detalle_Reg_Mantenimiento (Id_Categoria, Descripcion, Id_Repuesto, Id_Reg_Mantenimiento) VALUES ('23','Descripción de la reparación 2122615821', 39,'82');
INSERT INTO grupo03.Detalle_Reg_Mantenimiento (Id_Categoria, Descripcion, Id_Repuesto, Id_Reg_Mantenimiento) VALUES ('21','Descripción de la reparación 2012839598', 13,'82');
INSERT INTO grupo03.Detalle_Reg_Mantenimiento (Id_Categoria, Descripcion, Id_Repuesto, Id_Reg_Mantenimiento) VALUES ('5','Descripción de la reparación 233388454', 15,'83');
INSERT INTO grupo03.Detalle_Reg_Mantenimiento (Id_Categoria, Descripcion, Id_Repuesto, Id_Reg_Mantenimiento) VALUES ('4','Descripción de la reparación 1892370971', 22,'83');
INSERT INTO grupo03.Detalle_Reg_Mantenimiento (Id_Categoria, Descripcion, Id_Repuesto, Id_Reg_Mantenimiento) VALUES ('13','Descripción de la reparación 484609122', 25,'83');
INSERT INTO grupo03.Detalle_Reg_Mantenimiento (Id_Categoria, Descripcion, Id_Repuesto, Id_Reg_Mantenimiento) VALUES ('17','Descripción de la reparación 61381887', 40,'83');
INSERT INTO grupo03.Detalle_Reg_Mantenimiento (Id_Categoria, Descripcion, Id_Repuesto, Id_Reg_Mantenimiento) VALUES ('21','Descripción de la reparación 1397039467', 44,'83');
INSERT INTO grupo03.Detalle_Reg_Mantenimiento (Id_Categoria, Descripcion, Id_Repuesto, Id_Reg_Mantenimiento) VALUES ('21','Descripción de la reparación 989703926', 5,'84');
INSERT INTO grupo03.Detalle_Reg_Mantenimiento (Id_Categoria, Descripcion, Id_Repuesto, Id_Reg_Mantenimiento) VALUES ('4','Descripción de la reparación 1729302634', 22,'84');
INSERT INTO grupo03.Detalle_Reg_Mantenimiento (Id_Categoria, Descripcion, Id_Repuesto, Id_Reg_Mantenimiento) VALUES ('3','Descripción de la reparación 690211362', 45,'84');
INSERT INTO grupo03.Detalle_Reg_Mantenimiento (Id_Categoria, Descripcion, Id_Repuesto, Id_Reg_Mantenimiento) VALUES ('21','Descripción de la reparación 2037735084', 5,'85');
INSERT INTO grupo03.Detalle_Reg_Mantenimiento (Id_Categoria, Descripcion, Id_Repuesto, Id_Reg_Mantenimiento) VALUES ('5','Descripción de la reparación 961358377', 43,'85');
INSERT INTO grupo03.Detalle_Reg_Mantenimiento (Id_Categoria, Descripcion, Id_Repuesto, Id_Reg_Mantenimiento) VALUES ('12','Descripción de la reparación 1525432196', 17,'85');
INSERT INTO grupo03.Detalle_Reg_Mantenimiento (Id_Categoria, Descripcion, Id_Repuesto, Id_Reg_Mantenimiento) VALUES ('3','Descripción de la reparación 387705901', 3,'85');
INSERT INTO grupo03.Detalle_Reg_Mantenimiento (Id_Categoria, Descripcion, Id_Repuesto, Id_Reg_Mantenimiento) VALUES ('3','Descripción de la reparación 1945474311', 4,'85');
INSERT INTO grupo03.Detalle_Reg_Mantenimiento (Id_Categoria, Descripcion, Id_Repuesto, Id_Reg_Mantenimiento) VALUES ('18','Descripción de la reparación 1520007664', 41,'86');
INSERT INTO grupo03.Detalle_Reg_Mantenimiento (Id_Categoria, Descripcion, Id_Repuesto, Id_Reg_Mantenimiento) VALUES ('7','Descripción de la reparación 520380001', 24,'86');
INSERT INTO grupo03.Detalle_Reg_Mantenimiento (Id_Categoria, Descripcion, Id_Repuesto, Id_Reg_Mantenimiento) VALUES ('14','Descripción de la reparación 1921372266', 24,'86');
INSERT INTO grupo03.Detalle_Reg_Mantenimiento (Id_Categoria, Descripcion, Id_Repuesto, Id_Reg_Mantenimiento) VALUES ('21','Descripción de la reparación 1730456464', 10,'86');
INSERT INTO grupo03.Detalle_Reg_Mantenimiento (Id_Categoria, Descripcion, Id_Repuesto, Id_Reg_Mantenimiento) VALUES ('5','Descripción de la reparación 1658917644', 14,'86');
INSERT INTO grupo03.Detalle_Reg_Mantenimiento (Id_Categoria, Descripcion, Id_Repuesto, Id_Reg_Mantenimiento) VALUES ('2','Descripción de la reparación 958871668', 18,'86');
INSERT INTO grupo03.Detalle_Reg_Mantenimiento (Id_Categoria, Descripcion, Id_Repuesto, Id_Reg_Mantenimiento) VALUES ('7','Descripción de la reparación 898110698', 18,'87');
INSERT INTO grupo03.Detalle_Reg_Mantenimiento (Id_Categoria, Descripcion, Id_Repuesto, Id_Reg_Mantenimiento) VALUES ('6','Descripción de la reparación 1861030429', 38,'87');
INSERT INTO grupo03.Detalle_Reg_Mantenimiento (Id_Categoria, Descripcion, Id_Repuesto, Id_Reg_Mantenimiento) VALUES ('3','Descripción de la reparación 262251211', 34,'87');
INSERT INTO grupo03.Detalle_Reg_Mantenimiento (Id_Categoria, Descripcion, Id_Repuesto, Id_Reg_Mantenimiento) VALUES ('3','Descripción de la reparación 1280489691', 43,'87');
INSERT INTO grupo03.Detalle_Reg_Mantenimiento (Id_Categoria, Descripcion, Id_Repuesto, Id_Reg_Mantenimiento) VALUES ('14','Descripción de la reparación 720519626', 3,'87');
INSERT INTO grupo03.Detalle_Reg_Mantenimiento (Id_Categoria, Descripcion, Id_Repuesto, Id_Reg_Mantenimiento) VALUES ('17','Descripción de la reparación 1928818121', 48,'88');
INSERT INTO grupo03.Detalle_Reg_Mantenimiento (Id_Categoria, Descripcion, Id_Repuesto, Id_Reg_Mantenimiento) VALUES ('6','Descripción de la reparación 1362864770', 34,'88');
INSERT INTO grupo03.Detalle_Reg_Mantenimiento (Id_Categoria, Descripcion, Id_Repuesto, Id_Reg_Mantenimiento) VALUES ('22','Descripción de la reparación 2031544104', 27,'89');
INSERT INTO grupo03.Detalle_Reg_Mantenimiento (Id_Categoria, Descripcion, Id_Repuesto, Id_Reg_Mantenimiento) VALUES ('18','Descripción de la reparación 1415245426', 30,'89');
INSERT INTO grupo03.Detalle_Reg_Mantenimiento (Id_Categoria, Descripcion, Id_Repuesto, Id_Reg_Mantenimiento) VALUES ('22','Descripción de la reparación 1456420829', 16,'89');
